Index,Dialogue_Group,Context_Index,Context_CharacterName,Context_Text,Context_Sprite,Dialogue_Action,Choice_Group,Dialogue_Type,Dialogue_Skip
1,Prologue_Start,1,나레이터,ⓦ오래전 어느 한적한 마을에서 아이가 태어났어요.,,FadeOut,,Narration,
2,Prologue_Start,,,ⓦ아이의 부모는 아이를 사랑했지만\ 아이와 함께 살 수 없었어요.,,,,,
3,Prologue_Start,,,ⓦ그들은 아이가 자신들보다 더 나은 삶을 살길 바랐거든요.,,,,,
4,Prologue_Start,,,ⓦ그들은 오랜 고민 끝에 마녀에게 편지를 보냈어요.,,,,,
5,Prologue_Start,,,ⓦ아이를 대신 키워달라는 편지였죠.,,,,,
6,Prologue_Start,2,편지,자애롭고 위대하신 마녀님\ 저희의 간곡한 소원을 들어주십시오.,,,,Letter,
7,Prologue_Start,,,저희 아이가 평화 속에 살며\ 아이의 선택이 곧 삶이 되도록 지켜주십시오.,,,,,
8,Prologue_Start,,,그리하여 아이가 행복할 수 있다면\ 저희는 달리 바랄 것이 없습니다. 아이의 행복만이 저희의 소원입니다.,,,,,
9,Prologue_Start,,,한때 저희가 당신께 그러하였듯\ 당신 역시 자비를 베푸시어 저희를 도와주시길 간곡히 부탁드립니다.,,,,,
10,Prologue_Start,3,나레이터,ⓦ편지를 받은 마녀는 웃음을 보이며 그들에게 답장했어요.,,,,Narration,
11,Prologue_Start,,,ⓦⓘ달그림자가 빛을 삼키는 날ⓝ 길을 열 것이니\ 아이를 데려오라고 말이에요.,,,,,
12,Prologue_Start,,,ⓦ답장을 받은 부모는 어떤 표정을 지었을까요? 뜻대로 되었음에 안도했을까요? 혹은 슬퍼했을까요?,,,,,
13,Prologue_Start,,,ⓦ이젠 그 누구도 알 수 없는 일이군요. 모든 것이 달그림자에 덮였나 봅니다.,,,,,
14,Prologue_Start,,,ⓦ하지만 우리가 알 수 있는 것이 있습니다. 바로 달그림자가 지나간 뒤의 이야기지요.,,,,,
15,Prologue_Start,,,ⓦ아이가 눈을 뜨고\ 세상을 보고\ 말로써 자신을 표현하기 시작한 뒤의 이야기입니다.,,,,,
16,Prologue_Start,4,주인공,마녀님\ 마녀님! 일어나세요! 벌써 아침이라고요!,Child_A,FadeIn,,ContextUp,
17,Prologue_Start,5,마녀,그래\ 일어났단다. 우리 꼬마 숙녀님은 잘 잤니?,Witch_Idle,,,,
18,Prologue_Start,6,주인공,네! 글쎄\ 제가 무슨 꿈을 꾼 지 아세요?,Child_A,,,,
19,Prologue_Start,7,마녀,글쎄…. 우리 숙녀님이 무슨 꿈을 꿨을까? 하늘을 나는 꿈이라도 꿨니?,Witch_Idle,,,,
20,Prologue_Start,8,주인공,땡\ 틀렸어요! 그건 저번주에 꾼 꿈이잖아요!,Child_A,,,,
21,Prologue_Start,9,마녀,흐음…. 어려운 문제로구나. 어떤 꿈인지 말해주겠니?,Witch_Idle,,,,
22,Prologue_Start,10,주인공,좋아요! 무려\ 무려 마녀님이랑 같이 소풍 가는 꿈을 꿨어요!,Child_A,,,,
23,Prologue_Start,11,마녀,어머\ 그것참 기뻤겠구나. 볕이 잘 드는 곳으로 향했겠지? 그곳에선 무얼 했니?,Witch_Idle,,,,
24,Prologue_Start,12,주인공,맛있는 걸 잔뜩 먹었어요! 참치 샌드위치도 먹었고\ 토마토 주스도 먹었고\ 또….,Child_B,,,,
25,Prologue_Start,13,마녀,후후\ 정말 맛있었겠구나. 오늘 아침은 참치 샌드위치와 토마토 주스로 할까?,Witch_Idle,,,,
26,Prologue_Start,14,주인공,너무 좋아요! 마녀님 최고!,Child_A,,,,
27,Prologue_Start,15,나레이터,ⓦ마녀는 마치 아이의 마음을 읽는 것처럼 행동했어요. 아이가 원하는 것이라면 무엇이든 해주었죠.,,FadeOut,,Narration,
28,Prologue_Start,,,ⓦ아이는 그런 마녀를 좋아했어요. 마녀가 아이를 아끼는 것 이상으로\ 아이는 마녀를 아꼈어요.,,,,,
29,Prologue_Start,,,ⓦ또한\ 아이는 마녀를 존경했어요. 자신도 어른이 되고 싶다고 생각했죠.,,,,,
30,Prologue_Start,,,ⓦ그래서 아이는 마녀가 하는 일을 돕고 싶어했어요. 마녀가 하는 일을 따라하면\ 자신도 어른이 될 것이라 생각하면서요.,,,,,
31,Prologue_Start,16,주인공,마녀님\ 마녀님! 저도 마녀님처럼 일하고 싶어요!,Child_A,FadeIn,,ContextUp,
32,Prologue_Start,17,마녀,이런\ 꼬마 숙녀님. 너는 아직 더 커야 한단다.,Witch_Idle,,,,
33,Prologue_Start,18,주인공,하지만 저도 다 컸는걸요! 키도 이만큼이나 자랐다고요~,Child_B,,,,
34,Prologue_Start,19,마녀,흐음…. 그래\ 그렇다면 함께 ⓜ편지ⓝ를 읽어보겠니?,Witch_Idle,,,,
35,Prologue_Start,20,주인공,편지요? 정말이죠?,Child_B,,,,
36,Prologue_Start,21,마녀,그럼. 언제 내가 거짓을 말한 적이 있었니?,Witch_Idle,,,,
37,Prologue_Start,,,자\ 이리 오렴. 함께 편지를 읽자꾸나.,,,,,
38,Prologue_WitchTalk,1,나레이터,ⓦ마녀는 여러 장의 편지 중 하나를 집어들었어요. 연보라빛의 편지였답니다.,,FadeOut,,Narration,
39,Prologue_WitchTalk,2,편지,마녀님께 아룁니다.\n몇 달 전 작은 솜뭉치를 만들겠다 한 것을 기억하십니까?,,,,Letter,
40,Prologue_WitchTalk,,,마녀님의 조언을 받아 솜뭉치를 움직이게 만들었습니다. 아이들이 참으로 좋아하더군요.,,,,,
41,Prologue_WitchTalk,,,이젠 아이들을 집에 두고도 일하러 떠날 수 있습니다. 이게 다 마녀님 덕분입니다.,,,,,
42,Prologue_WitchTalk,,,감사의 표시로 가장 부드러운 솜뭉치를 보내니\ 부디 받아주셨으면 합니다.,,,,,
43,Prologue_WitchTalk,,,ⓘ추신. 솜뭉치에게 이름을 지어주면 좋아하더군요.ⓝ,,,,,
44,Prologue_WitchTalk,3,주인공,솜뭉치라니\ 그게 뭔가요?,Child_A,FadeIn,,ContextUp,
45,Prologue_WitchTalk,4,마녀,인형이란다. 부드럽고 고운 천으로 만든 인형이지.,Witch_Idle,,,,
46,Prologue_WitchTalk,,,저들의 아이가 부모와 떨어질 때마다 울음을 그치지 않는다기에\ 부모를 닮은 인형을 만들라 조언했단다.,,,,,
47,Prologue_WitchTalk,,,기왕이면 움직이며 아이의 시선을 끌 만한 것으로 말이야.,,,,,
48,Prologue_WitchTalk,5,주인공,우와\ 그럼 움직이는 인형이네요? 너무 신기해요!,Child_A,,,,
49,Prologue_WitchTalk,6,마녀,후후\ 저기 있는 상자를 열어보겠니? 아마 너를 위한 인형이 들어있을 것 같구나.,Witch_Idle,,,,
50,Prologue_GiftOpen,7,나레이터,ⓦ아이는 연보라색 리본이 묶인 상자를 열었어요. 그 안에는 반짝이는 눈을 가진 인형이 있었답니다.,,FadeOut,,Narration,
51,Prologue_GiftOpen,8,주인공,우와\ 우와! 너무 예뻐요! 이름이 뭔가요?,Child_A,FadeIn,,ContextUp,
52,Prologue_GiftOpen,9,마녀,이름은 없단다. 그래\ 네가 이름을 지어주지 않겠니?,Witch_Idle,,,,
53,Prologue_GiftOpen,10,주인공,제가요? 정말 제가 지어줘도 되나요?,Child_A,,,,
54,Prologue_GiftOpen,11,마녀,그럼\ 물론이지. 그건 널 위한 선물이잖니.,Witch_Idle,,,,
55,Prologue_GiftOpen,12,주인공,너무 좋아요! 그럼… ⓜ람ⓝ으로 할래요!,Child_A,,,,
56,Prologue_GiftOpen,13,마녀,후후\ 좋은 이름이구나. 그 아이도 마음에 드는 모양이야.,Witch_Idle,,,,
57,Prologue_GiftOpen,14,나레이터,ⓦ람이 된 인형은 깡총 뛰어다니며\ 아이의 주변을 맴돌았어요.,,FadeOut,,Narration,
58,Prologue_GiftOpen,,,ⓦ아이는 자신의 첫 친구에게 환히 웃어보였답니다.,,,,,
59,Day1_WakeUp,1,주인공,마녀님\ 좋은 아침이에요! 람도 좋은 아침이야!,Child_A,,,ContextUp,
60,Day1_WakeUp,2,마녀,그래\ 좋은 아침이구나.,Witch_Idle,,,,
61,Day1_WakeUp,3,람,좋은 아침! 아침! 좋아!,,,,,
62,Day1_WakeUp,4,주인공,헉\ 방금 람이 말한 거예요? 람\ 네가 말한 거야?,Child_A,,,,
63,Day1_WakeUp,5,람,나\ 말한다! 아침 좋아!,,,,,
64,Day1_WakeUp,6,주인공,응\ 응! 좋은 아침이야! 언제부터 말할 수 있게 된 거야?,Child_A,,,,
65,Day1_WakeUp,,,어제는 분명 못 말했던 것 같은데….,,,,,
66,Day1_WakeUp,7,람,잔다\ 일어난다! 성장! 말한다!,,,,,
67,Day1_WakeUp,8,마녀,자고 일어나니 말할 수 있게 되었나 보구나.,Witch_Idle,,,,
68,Day1_WakeUp,9,주인공,우와\ 정말 신기해요!,Child_A,,,,
69,Day1_WakeUp,10,람,나\ 신기하다? 대단하다!,,,,,
70,Day1_WakeUp,11,주인공,맞아\ 람 너는 대단해!,Child_A,,,,
71,Day1_WakeUp,12,마녀,후후\ 대화는 이쯤하고 식사하렴. 샐러드를 준비해두었단다.,Witch_Idle,,,,
72,Day1_WakeUp,13,주인공,혹시 연어 샐러드인가요?,Child_B,,,,
73,Day1_WakeUp,14,마녀,아쉽지만 연어는 넣지 않았단다. 연어가 먹고 싶니?,Witch_Idle,,,,
74,Day1_WakeUp,15,주인공,네…. 오늘은 꿈에서 연어 스테이크를 먹었거든요.,Child_B,,,,
75,Day1_WakeUp,16,람,연어\ 만든다. 먹는다! 가능!,,,,,
76,Day1_WakeUp,17,주인공,응? 그게 무슨 소리야\ 람?,Child_A,,,,
77,Day1_WakeUp,18,마녀,흐음… 그래\ 네가 만들어보는 것도 좋겠구나. 요리해보겠니?,Witch_Idle,,,,
78,Day1_WakeUp,19,주인공,네? 제가요?! 제가 그래도 될까요?,Child_A,,,,
79,Day1_WakeUp,20,마녀,그럼\ 물론이지. 다 큰 숙녀라면 뭐든 다 할 수 있단다.,Witch_Idle,,,,
80,Day1_WakeUp,21,주인공,와아\ 좋아요! 요리해볼게요! 그러니까\ 음….,Child_B,,,,
81,Day1_WakeUp,22,마녀,이리 오렴. 이 물체와 상호작용하면 여러 가지 물건을 만들 수 있다는 건 알고 있지?,Witch_Idle,,,,
82,Day1_WakeUp,23,주인공,네\ 그럼요! 음식도 만들 수 있고\ 포션도 만들 수 있고\ 또….,Child_D,,,,
83,Day1_WakeUp,24,마녀,후후\ 그래. 이 물체는 마녀라면 누구나 다 다룰 수 있는 것이란다.,Witch_Idle,,,,
84,Day1_WakeUp,,,이젠 너에게도 사용법을 알려주마.,,,,,
85,Day1_WakeUp,25,주인공,너무 좋아요!,Child_A,,,,
86,Day1_WakeUp,26,마녀,물체와 상호작용하면\ 무지개처럼 둥근 빛이 나타날 거야.,Witch_Idle,,,,
87,Day1_WakeUp,,,네모난 빛이 특정한 위치로 향할 때\ 지팡이를 휘두르면 된단다.,,,,,
88,Day1_WakeUp,27,주인공,으음\ 잘 모르겠어요….,Child_B,,,,
89,Day1_WakeUp,28,마녀,후후\ 직접 해보면 알게 될 거란다. 이번엔 내가 도와주마.,Witch_Idle,,,,
90,Day1_WakeUp,29,나레이터,마녀와 아이는 맛있는 연어 샐러드를 만들었어요. 람도 먹고 싶다고 말했지만\ 인형은 음식을 먹을 수 없다는 이유로 먹지 못했답니다.,,FadeOut,,Narration,
91,Day1_Morning,1,마녀,우리 숙녀님\ 아침을 먹었으니 할 일을 해야겠지?,Witch_Idle,FadeIn,,ContextUp,
92,Day1_Morning,2,주인공,할 일이요? 음\ 으음… 오늘 해야 하는 게 있었나요?,Child_B,,,,
93,Day1_Morning,3,마녀,함께 편지를 확인해야 하지 않겠니?,Witch_Idle,,,,
94,Day1_Morning,4,주인공,헉\ 정말요? 오늘도 같이 편지 읽는 거예요?,Child_A,,,,
95,Day1_Morning,5,마녀,그럼. 너도 다 컸다고 했잖니. 어제도 함께 편지를 읽었고 말이야.,Witch_Idle,,,,
96,Day1_Morning,,,자\ 가서 편지를 가져오렴. 함께 읽자꾸나.,,,,,
97,Day1_LetterGet,1,마녀,편지를 다 가져온 것 같구나. 네가 원하는 편지를 먼저 꺼내 보렴.,Witch_Idle,,,,
98,Day1_Oriental,1,마녀,ⓞ고요한 아침의 나라ⓑ에서 온 편지구나.,Witch_Idle,,,,
99,Day1_Oriental,2,주인공,고요한 아침의 나라요?,Child_A,,,,
100,Day1_Oriental,3,마녀,그래. 어른아이 할 것 없이 공손함을 내세우는 나라란다. 한 번 읽어보겠니?,Witch_Idle,,,,어린 세자가 달콤하고 텁텁하지 않은 음식을 원하고 있다. 어떤 음식을 만들어야 할까?
101,Day1_Oriental,4,세자,내 나이 올해로 13세의 봄을 넘겼습니다.,,,,Letter,
102,Day1_Oriental,,,아바마마께옵서 나를 걱정하시어 반과상을 금하셨으니\ 내 입을 달래줄 것이 없어 허합니다.,,,,,
103,Day1_Oriental,,,남모르게 반과상을 차려줄 수 있겠습니까. 달콤하고 텁텁하지 않은 것이 그립습니다.,,,,,
104,Day1_Oriental,5,주인공,으음… 반과상이 무슨 뜻인가요?,Child_B,,,ContextUp,
105,Day1_Oriental,6,람,나\ 안다! 간식이다!,,,,,
106,Day1_Oriental,7,마녀,틀린 말은 아니구나. 이 아이가 원하는 것은 달콤한 간식이란다.,Witch_Idle,,,,
107,Day1_Oriental,8,주인공,편지에는 항상 이렇게 어려운 말이 쓰여 있나요?,Child_B,,,,
108,Day1_Oriental,9,마녀,그리 어려운 말은 아니란다. 이 나라에선 흔히 사용하는 말이지.,Witch_Idle,,,,
109,Day1_Oriental,,,다만\ 그래. 우리가 사용하는 말은 아니니\ 어렵게 느껴질 수 있겠구나.,,,,,
110,Day1_Oriental,,,다른 편지에도 네가 모르는 단어가 나올 수 있겠지.,,,,,
111,Day1_Oriental,10,주인공,모르는 게 있을 때마다 마녀님께 여쭤봐도 되나요?,Child_A,,,,
112,Day1_Oriental,11,마녀,후후\ 그것도 좋은 생각이지만\ 되도록 혼자 추측해보렴.,Witch_Idle,,,,
113,Day1_Oriental,,,마녀에게는 무언가를 추측하는 능력도 굉장히 중요하단다.,,,,,
114,Day1_Oriental,12,주인공,노력해볼게요! 그래도 모르는 게 있으면 알려주실 거죠?,Child_D,,,,
115,Day1_Oriental,13,마녀,후후… 나도 노력해보마.,Witch_Idle,,,,
116,Day1_Oriental,,,자\ 그럼 우리 숙녀님. 편지의 주인을 위해 무엇을 만들어줄 거니?,,,,,
117,Day1_Oriental,14,주인공,으음\ 그러니까….,Child_B,,Day1_Oriental_Choice,,
118,Day1_Western,1,마녀,이건 ⓞ별이 지지 않는 제국ⓑ에서 온 편지란다.,Witch_Idle,,,,
119,Day1_Western,2,주인공,앗\ 그럼 항상 별이 떠 있는 건가요?,Child_A,,,,
120,Day1_Western,3,마녀,후후\ 그건 아니란다. 이 별은 용사를 의미하는 것일 테니 말이야.,Witch_Idle,,,,
121,Day1_Western,4,주인공,악당을 물리치는 용사 말이에요? 우와\ 대단해요!,Child_A,,,,
122,Day1_Western,5,마녀,뭐\ 대단한 곳이긴 하지….,Witch_Idle,,,,
123,Day1_Western,,,자\ 그럼 편지를 읽어보자꾸나.,,,,,용사로 선발된 이가 동료들과 친해지기 위한 조언을 구하고 있다. 어떤 말을 해줘야 할까?
124,Day1_Western,6,검사,안녕하십니까. 용사 사관학교 1027기 졸업생입니다.,,,,Letter,
125,Day1_Western,,,최근 마왕이 발호하며 490대 용사로 선발되었는데\ 함께 선발된 이들은 얼굴조차 모르는 사이입니다. ,,,,,
126,Day1_Western,,,마왕에게 맞서려면 모두가 친해지는 것이 우선이라 생각합니다.,,,,,
127,Day1_Western,,,어떻게 해야 그들과 친해질 수 있을지\ 조언을 구하고 싶습니다.,,,,,
128,Day1_Western,7,주인공,용사님이 친구를 만들고 싶은가 봐요!,Child_A,,,ContextUp,
129,Day1_Western,8,람,친구\ 좋다! 우리는 모두 친구!,,,,,
130,Day1_Western,9,마녀,후후\ 그리 보이는구나. 친구를 원하는 용사에게 조언해주렴.,Witch_Idle,,,,
131,Day1_Western,10,주인공,으음\ 어떤 조언이 좋을까요?,Child_B,,,,
132,Day1_Western,11,마녀,네가 생각하는 것을 솔직하게 말하면 된단다.,Witch_Idle,,,,
133,Day1_Western,,,친구를 사귀려면 어떻게 해야 한다고 생각하니?,,,,,
134,Day1_Animal,1,주인공,이건 어디에서 온 편지인가요?,Child_A,,Day1_Western_Choice,,
135,Day1_Animal,2,마녀,ⓞ함께 사는 우리 마을ⓑ에서 온 편지란다. 인간 대신 동물들이 사는 곳이지.,Witch_Idle,,,,
136,Day1_Animal,3,주인공,우와\ 동물들이 산다니 너무 멋진 곳이에요!,Child_A,,,,
137,Day1_Animal,,,이 편지도 그런 동물들이 쓴 건가요?,,,,,
138,Day1_Animal,4,마녀,후후\ 그렇단다. 한 번 읽어보겠니?,Witch_Idle,,,,개 부부가 입양한 고양이의 야행성에 골머리를 앓고 있다. 적절한 물약을 만들어 주자.
139,Day1_Animal,5,도그 부부,안녕하세요\ 마녀님. 저희는 한적한 마을에 사는 부부예요.,,,,Letter,
140,Day1_Animal,,,아이를 갖지 못하던 중 길가에 버려진 아이를 발견해 데려왔답니다. 그 아이가 고양이인 줄은 모르고 말이죠.,,,,,
141,Day1_Animal,,,저희는 개여서 고양이의 습성을 몰라요. 아이가 밤에 주로 활동한다는 것도 몰랐고요.,,,,,
142,Day1_Animal,,,번갈아 양육하고는 있지만\ 밤에 깨어있는 게 너무 힘들어요.,,,,,
143,Day1_Animal,,,이 문제를 해결할 만한 물약이 있을까요?,,,,,
144,Day1_Animal,6,주인공,앗\ 어떡하죠? 저도 육아하는 법은 모르는데…!,Child_B,,,ContextUp,
145,Day1_Animal,7,마녀,후후\ 그렇지. 아이가 아이를 어찌 키우겠니.,Witch_Idle,,,,
146,Day1_Animal,8,주인공,저는 아이가 아니에요! 저도 다 컸는걸요!,Child_D,,,,
147,Day1_Animal,9,마녀,그래\ 그래. 이젠 숙녀님이지.,Witch_Idle,,,,
148,Day1_Animal,,,우리 숙녀님\ 편지에 답장할 땐 육아하는 법 정도는 몰라도 된단다.,,,,,
149,Day1_Animal,,,이 부부가 원하는 것이 너무 명확하잖니.,,,,,
150,Day1_Animal,10,주인공,앗\ 그런가요? …그렇네요! 물약을 만드는 것!,Child_B,,,,
151,Day1_Animal,11,마녀,그래\ 그렇지. 어떤 물약을 만들어야 이 문제를 해결할 수 있을까?,Witch_Idle,,Day1_Animal_Choice,,
152,Day1_Future,1,주인공,우와\ 이 편지는 되게 까맣네요!,Child_A,,,,
153,Day1_Future,2,마녀,으음? 그렇구나. 이건 ⓞ미래를 개척하는 첨단 도시ⓑ에서 온 편지란다.,Witch_Idle,,,,
154,Day1_Future,3,주인공,미래를 개척하는… 네?,Child_B,,,,
155,Day1_Future,4,마녀,미래를 개척하는 첨단 도시. 이름이 조금 길지?,Witch_Idle,,,,
156,Day1_Future,,,허황된 미래를 꿈꾸는 자들이 모여 사는 곳이란다.,,,,,
157,Day1_Future,,,운이 좋으면 비슷한 미래가 만들어지기도 하지만\ 글쎄… 항상 그렇지만은 않으니 말이다.,,,,,
158,Day1_Future,,,별로 중요한 건 아니니 넘어가자꾸나.,,,,,영양 알약을 만들어낸 과학자는 자신이 부자가 될 것이라 생각한다. 부자가 되면 무엇을 할지 추천하자.
159,Day1_Future,5,영양 분석가,나는 위대한 과학자라네. 때로는 괴짜라 불리기도 하지만\ 그 누구도 내 실력은 의심하지 않지!,,,,Letter,
160,Day1_Future,,,그거 아는가? 난 무려 영양 알약을 만들어냈네. 이젠 그 누구도 영양실조를 걱정할 필요가 없어질 테지.,,,,,
161,Day1_Future,,,그리고 난 부자가 될 걸세! 부자가 되면 무엇이 좋냐고? 그건 잘 모르겠네.,,,,,
162,Day1_Future,,,부자가 되면 무엇을 하는 게 좋다고 생각하는가?,,,,,
163,Day1_Future,6,주인공,영양 알약이 뭔가요?,Child_B,,,ContextUp,
164,Day1_Future,7,마녀,아\ 결국은 개발에 성공했나 보구나.,Witch_Idle,,,,
165,Day1_Future,,,영양 알약은 음식을 대체하기 위해 만들어진 것이란다.,,,,,
166,Day1_Future,8,주인공,음식을 대체해요? 왜요?,Child_B,,,,
167,Day1_Future,9,마녀,글쎄\ 여러 이유가 있겠지만…. 저 도시는 음식을 못 먹는 자들이 많으니\ 그들을 위한 것이겠지.,Witch_Idle,,,,
168,Day1_Future,10,주인공,음식을 못 먹는다고요? 맛있는 음식을 못 먹는다니\ 너무 불쌍해요….,Child_B,,,,
169,Day1_Future,11,마녀,그들을 쉬이 동정하지 마렴.,Witch_Idle,,,,
170,Day1_Future,12,주인공,하지만….,Child_B,,,,
171,Day1_Future,13,마녀,그들이 너의 동정을 바라지 않을 수도 있잖니. 그리고….,Witch_Idle,,,,
172,Day1_Future,,,아니\ 아니란다. 지금 중요한 것은 이게 아니지.,,,,,
173,Day1_Future,,,숙녀님\ 너는 부자가 되면 무엇을 하고 싶니?,,,,,
174,Day1_Future,14,주인공,제가 원하는 건 마녀님과 함께 행복하게 사는 것뿐이에요!,Child_B,,,,
175,Day1_Future,15,마녀,후후\ 그건 기쁜 말이지만\ 편지의 답은 될 수 없겠구나.,Witch_Idle,,,,
176,Day1_Future,16,주인공,으음\ 그렇다면….,Child_B,,Day1_Future_Choice,,
177,Day1_Oriental_Choice1,1,주인공,초콜릿 쿠키요! 초콜릿 쿠키를 싫어하는 사람은 없으니까요!,Child_D,,,,
178,Day1_Oriental_Choice1,2,마녀,후후\ 그러렴. 재료는 내가 준비해두마.,Witch_Idle,,,,
179,Day1_Oriental_Choice2,1,주인공,사과 파이요! 사과 파이를 먹으면 기분도 상큼해지지 않을까요?,Child_D,,,,
180,Day1_Oriental_Choice2,2,마녀,후후\ 좋은 생각이야. 재료는 내가 준비해두마.,Witch_Idle,,,,
181,Day1_Oriental_Choice3,1,주인공,딸기 케이크를 만들래요! 예쁘고 맛있는 선물을 받으면 기분도 좋아지겠죠?,Child_D,,,,
182,Day1_Oriental_Choice3,2,마녀,후후\ 좋은 생각이구나. 재료는 내가 준비해두마.,Witch_Idle,,,,
183,Day1_Western_Choice1,1,주인공,음… 서로에 대해 더 잘 알아야 한다고 생각해요!,Child_B,,,,
184,Day1_Western_Choice1,,,그러니까\ 음\ 고향에 대해 얘기하는 건 어떨까요?,,,,,
185,Day1_Western_Choice1,2,마녀,그래\ 좋은 생각이구나. 그리 답장하면 되겠어.,Witch_Idle,,,,
186,Day1_Western_Choice2,1,주인공,친해질 때는 서로의 공통점을 찾으라고 했어요!,Child_D,,,,
187,Day1_Western_Choice2,,,그러니까 취미에 대해 얘기해보는 건 어떨까요?,,,,,
188,Day1_Western_Choice2,2,마녀,그래\ 좋은 생각이란다. 그리 답장하면 되겠어.,Witch_Idle,,,,
189,Day1_Western_Choice3,1,주인공,으음… 역시 좋아하는 음식에 대해 얘기하는 건 어떨까요?,Child_B,,,,
190,Day1_Western_Choice3,,,좋아하는 음식이 없을 리는 없으니까요!,,,,,
191,Day1_Western_Choice3,2,마녀,나쁘지 않구나. 그리 답장하렴.,Witch_Idle,,,,
192,Day1_Animal_Choice1,1,주인공,피로 회복 물약은 어떨까요? 밤에도 깨어있으면 건강이 나빠질 테니까요!,Child_B,,,,
193,Day1_Animal_Choice1,2,마녀,후후\ 좋은 생각이구나. 몸이 회복되면 육아하기도 수월하겠지.,Witch_Idle,,,,
194,Day1_Animal_Choice1,,,너를 키울 때 자주 썼던 물약이기도 하단다.,,,,,
195,Day1_Animal_Choice1,3,주인공,저를 키울 때 썼던 물약이요?,Child_A,,,,
196,Day1_Animal_Choice1,4,마녀,그래. 너 역시 제대로 안 자고 돌아다녔거든.,Witch_Idle,,,,
197,Day1_Animal_Choice1,,,어찌나 많은 사고를 치는지\ 하루도 조용한 날이 없었단다.,,,,,
198,Day1_Animal_Choice1,5,주인공,거짓말이죠! 제가 그럴 리가 없어요!,Child_D,,,,
199,Day1_Animal_Choice1,6,마녀,후후… 믿고 싶은 대로 믿으렴.,Witch_Idle,,,,
200,Day1_Animal_Choice2,1,주인공,잠이 오게 하는 물약은 어떨까요? 아이가 밤에 자고 낮에 활동하게 만들면 되잖아요!,Child_A,,,,
201,Day1_Animal_Choice2,2,마녀,흐음… 아이에게 사용하려면 더 순하게 만들어야겠구나.,Witch_Idle,,,,
202,Day1_Animal_Choice2,,,재료는 내가 준비할 테니 걱정 마렴.,,,,,
203,Day1_Animal_Choice3,1,주인공,잠이 안 오게 하는 물약은 어떨까요? 밤에 깨어있는 게 힘들다고 했으니까요!,Child_A,,,,
204,Day1_Animal_Choice3,2,마녀,후후… 그렇게 생각하는구나. 그래\ 아직 부모의 고충을 모를 때지.,Witch_Idle,,,,
205,Day1_Animal_Choice3,3,주인공,앗\ 이 물약이 아닌가요?,Child_B,,,,
206,Day1_Animal_Choice3,4,마녀,아니\ 아니야. 네가 그리 생각한다면\ 그 물약으로도 충분하단다.,Witch_Idle,,,,
207,Day1_Animal_Choice3,,,재료는 내가 준비해두마.,,,,,
208,Day1_Future_Choice1,1,주인공,돈을 다른 사람들에게 나눠주는 게 좋다고 생각해요!,Child_D,,,,
209,Day1_Future_Choice1,,,그럼 모두가 행복해지지 않을까요?,,,,,
210,Day1_Future_Choice1,2,마녀,그럴 수도 있겠구나. 그래\ 그리 답장을 보내자꾸나.,Witch_Idle,,,,
211,Day1_Future_Choice2,1,주인공,집을 예쁘게 꾸며보는 건 어떨까요?,Child_B,,,,
212,Day1_Future_Choice2,,,좋아하는 물건으로 집을 가득 채우면 기분이 좋아질 거예요!,Child_D,,,,
213,Day1_Future_Choice2,2,마녀,너처럼 말이지.,Witch_Idle,,,,
214,Day1_Future_Choice2,3,주인공,히히\ 그렇죠! 저처럼 말이에요.,Child_D,,,,
215,Day1_Future_Choice2,4,마녀,어찌나 제 물건을 아끼는지\ 다 낡은 물건도 버리지 않고 모셔두고 살잖니.,Witch_Idle,,,,
216,Day1_Future_Choice2,5,주인공,하지만 모두 마녀님이 준 소중한 물건인걸요!,Child_D,,,,
217,Day1_Future_Choice2,6,마녀,내가 준 것을 소중히 여기는 건 좋지만\ 낡은 것은 좀 버리자꾸나.,Witch_Idle,,,,
218,Day1_Future_Choice2,7,주인공,그럴 순 없어요! 세상이 무너지는 한이 있어도 절대 안 돼요!,Child_D,,,,
219,Day1_Future_Choice2,8,마녀,그래\ 네 고집을 누가 말리겠니….,Witch_Idle,,,,
220,Day1_Future_Choice3,1,주인공,과학자라고 했으니까\ 새로운 발명품을 만드는 건 어떨까요?,Child_A,,,,
221,Day1_Future_Choice3,,,책에서 봤는데\ 발명할 때는 돈이 많이 든대요!,,,,,
222,Day1_Future_Choice3,2,마녀,그래\ 무언가를 만드는 데는 품이 많이 들지.,Witch_Idle,,,,
223,Day1_Future_Choice3,,,좋은 생각이구나. 그리 답장하자꾸나.,,,,,
224,Day1_LetterCheck,1,주인공,우와… 편지를 다 읽으니까 오전이 다 사라져버렸어요.,Child_A,,,,
225,Day1_LetterCheck,2,마녀,워낙 확인할 것이 많으니 말이다. 자\ 그럼 이제 편지에 답장하자꾸나.,Witch_Idle,,,,
226,Day1_LetterCheck,,,저들이 원한 물건도 만들어야 하지 않겠니?,,,,,
227,Day1_LetterCheck,3,주인공,앗… 물건까지 다 만들고 나면 저녁이 되어버리는 거 아닐까요?,Child_B,,,,
228,Day1_LetterCheck,4,마녀,흐음… 그렇겠구나. 그럼 점심을 먹고 난 뒤에 하자꾸나.,Witch_Idle,,,,
229,Day1_LetterCheck,5,나레이터,마녀와 아이는 간단하게 점심을 먹었어요. 음식을 먹지 못하는 람은 토라져 있었지만\ 아무도 눈치채지 못했답니다.,,FadeOut,,Narration,
230,Day1_Lunch,1,마녀,자\ 점심도 먹었으니 이제 물건을 만들어 답장하자꾸나.,Witch_Idle,FadeIn,,ContextUp,
231,Day1_Lunch,,,물건을 어떻게 만드는지는 기억하고 있지?,,,,,
232,Day1_Lunch,2,주인공,그럼요! 저 항아리에서 만들면 되는 거죠?,Child_D,,,,
233,Day1_Lunch,3,마녀,후후\ 그래. 한 번 만들어 보렴. 너라면 잘할 것이란다.,Witch_Idle,,,,
234,Day1_Dinner,1,주인공,휴… 겨우 다 만들었네요! 답장도 다 썼고요!,Child_B,,,,
235,Day1_Dinner,2,마녀,후후\ 수고했구나. 무척 잘해주었어.,Witch_Idle,,,,
236,Day1_Dinner,3,주인공,정말요? 저 정말 잘했어요?,Child_A,,,,
237,Day1_Dinner,4,마녀,그럼. 믿고 맡겨도 되겠는걸.,Witch_Idle,,,,
238,Day1_Dinner,5,주인공,와\ 와아! 너무 기뻐요! 앞으로도 열심히 할게요!,Child_D,,,,
239,Day1_Dinner,6,마녀,그래\ 그러자꾸나. 이제 저녁을 먹을까? 저녁으로 연어 스테이크는 어떻니?,Witch_Idle,,,,
240,Day1_Dinner,7,주인공,헉\ 너무 좋아요! 마녀님이 최고예요!,Child_A,,,,
241,Day1_Dinner,8,나레이터,아이는 행복한 하루를 보냈어요. 사람들을 위해 물건을 만들고 편지를 보내다니\ 정말 꿈만 같았죠.,,,,,
242,Day1_Dinner,,,하지만 아이를 가장 기쁘게 만든 건\ 다름 아닌 마녀의 칭찬이었어요. 아이는 이런 하루가 지속되길 바랐답니다.,,,,,
