Index,Dialogue_Group,Context_Index,Context_CharacterName,Context_Text,Context_Sprite,Dialogue_Action,Dialogue_FadeSpeed,Choice_Group,Dialogue_Type,Dialogue_Skip
1,Prologue_Start,1,나레이터,ⓦ오래전 어느 한적한 마을에서 아이가 태어났어요.,,FadeOut,1,,Narration,
2,Prologue_Start,1,,ⓦ아이의 부모는 아이를 사랑했지만\ 아이와 함께 살 수 없었어요.,,None,1,,Narration,
3,Prologue_Start,1,,ⓦ그들은 아이가 자신들보다 더 나은 삶을 살길 바랐거든요.,,None,1,,Narration,
4,Prologue_Start,1,,ⓦ그들은 오랜 고민 끝에 마녀에게 편지를 보냈어요.,,None,1,,Narration,
5,Prologue_Start,1,,ⓦ아이를 대신 키워달라는 편지였죠.,,None,1,,Narration,
6,Prologue_Start,2,편지,자애롭고 위대하신 마녀님\ 저희의 간곡한 소원을 들어주십시오.,,FadeIn,1,,Letter,
7,Prologue_Start,2,,저희 아이가 평화 속에 살며\ 아이의 선택이 곧 삶이 되도록 지켜주십시오.,,None,1,,Letter,
8,Prologue_Start,2,,그리하여 아이가 행복할 수 있다면\ 저희는 달리 바랄 것이 없습니다. 아이의 행복만이 저희의 소원입니다.,,None,1,,Letter,
9,Prologue_Start,2,,한때 저희가 당신께 그러하였듯\ 당신 역시 자비를 베푸시어 저희를 도와주시길 간곡히 부탁드립니다.,,None,1,,Letter,
10,Prologue_Start,3,나레이터,ⓦ편지를 받은 마녀는 웃음을 보이며 그들에게 답장했어요.,,FadeOut,1,,Narration,
11,Prologue_Start,3,,ⓦⓘ달그림자가 빛을 삼키는 날ⓝ 길을 열 것이니\ 아이를 데려오라고 말이에요.,,None,1,,Narration,
12,Prologue_Start,3,,ⓦ답장을 받은 부모는 어떤 표정을 지었을까요? 뜻대로 되었음에 안도했을까요? 혹은 슬퍼했을까요?,,None,1,,Narration,
13,Prologue_Start,3,,ⓦ이젠 그 누구도 알 수 없는 일이군요. 모든 것이 달그림자에 덮였나 봅니다.,,None,1,,Narration,
14,Prologue_Start,3,,ⓦ하지만 우리가 알 수 있는 것이 있습니다. 바로 달그림자가 지나간 뒤의 이야기지요.,,None,1,,Narration,
15,Prologue_Start,3,,ⓦ아이가 눈을 뜨고\ 세상을 보고\ 말로써 자신을 표현하기 시작한 뒤의 이야기입니다.,,None,1,,Narration,
16,Prologue_Start,4,주인공,마녀님\ 마녀님! 일어나세요! 벌써 아침이라고요!,Child_A_Idle,FadeIn,1,,ContextUp,
17,Prologue_Start,5,마녀,그래\ 일어났단다. 우리 꼬마 숙녀님은 잘 잤니?,Witch_F,None,1,,ContextUp,
18,Prologue_Start,6,주인공,네! 글쎄\ 제가 무슨 꿈을 꾼 지 아세요?,Child_A_Idle,None,1,,ContextUp,
19,Prologue_Start,7,마녀,글쎄…. 우리 숙녀님이 무슨 꿈을 꿨을까? 하늘을 나는 꿈이라도 꿨니?,Witch_F,None,1,,ContextUp,
20,Prologue_Start,8,주인공,땡\ 틀렸어요! 그건 저번주에 꾼 꿈이잖아요!,Child_A_Idle,None,1,,ContextUp,
21,Prologue_Start,9,마녀,흐음…. 어려운 문제로구나. 어떤 꿈인지 말해주겠니?,Witch_F,None,1,,ContextUp,
22,Prologue_Start,10,주인공,좋아요! 무려\ 무려 마녀님이랑 같이 소풍 가는 꿈을 꿨어요!,Child_A_Idle,None,1,,ContextUp,
23,Prologue_Start,11,마녀,어머\ 그것참 기뻤겠구나. 볕이 잘 드는 곳으로 향했겠지? 그곳에선 무얼 했니?,Witch_F,None,1,,ContextUp,
24,Prologue_Start,12,주인공,맛있는 걸 잔뜩 먹었어요! 참치 샌드위치도 먹었고\ 토마토 주스도 먹었고\ 또….,Child_B,None,1,,ContextUp,
25,Prologue_Start,13,마녀,후후\ 정말 맛있었겠구나. 오늘 아침은 참치 샌드위치와 토마토 주스로 할까?,Witch_F,None,1,,ContextUp,
26,Prologue_Start,14,주인공,너무 좋아요! 마녀님 최고!,Child_A_Idle,None,1,,ContextUp,
27,Prologue_Start,15,나레이터,ⓦ마녀는 마치 아이의 마음을 읽는 것처럼 행동했어요. 아이가 원하는 것이라면 무엇이든 해주었죠.,,FadeOut,1,,Narration,
28,Prologue_Start,,,ⓦ아이는 그런 마녀를 좋아했어요. 마녀가 아이를 아끼는 것 이상으로\ 아이는 마녀를 아꼈어요.,,None,1,,Narration,
29,Prologue_Start,,,ⓦ또한\ 아이는 마녀를 존경했어요. 자신도 어른이 되고 싶다고 생각했죠.,,None,1,,Narration,
30,Prologue_Start,,,ⓦ그래서 아이는 마녀가 하는 일을 돕고 싶어했어요. 마녀가 하는 일을 따라하면\ 자신도 어른이 될 것이라 생각하면서요.,,None,1,,Narration,
31,Prologue_Start,16,주인공,마녀님\ 마녀님! 저도 마녀님처럼 일하고 싶어요!,Child_A,FadeIn,1,,ContextUp,
32,Prologue_Start,17,마녀,이런\ 꼬마 숙녀님. 너는 아직 더 커야 한단다.,Witch_Idle,None,1,,ContextUp,
33,Prologue_Start,18,주인공,하지만 저도 다 컸는걸요! 키도 이만큼이나 자랐다고요~,Child_B,None,1,,ContextUp,
34,Prologue_Start,19,마녀,흐음…. 그래\ 그렇다면 함께 ⓜ편지ⓝ를 읽어보겠니?,Witch_Idle,None,1,,ContextUp,
35,Prologue_Start,20,주인공,편지요? 정말이죠?,Child_B,None,1,,ContextUp,
36,Prologue_Start,21,마녀,그럼. 언제 내가 거짓을 말한 적이 있었니?,Witch_Idle,None,1,,ContextUp,
37,Prologue_Start,21,마녀,자\ 이리 오렴. 함께 편지를 읽자꾸나.,,None,1,,ContextUp,
38,Prologue_WitchTalk,22,나레이터,ⓦ마녀는 여러 장의 편지 중 하나를 집어들었어요. 연보라빛의 편지였답니다.,,FadeOut,1,,Narration,
39,Prologue_WitchTalk,23,편지,마녀님께 아룁니다.\n몇 달 전 작은 솜뭉치를 만들겠다 한 것을 기억하십니까?,,None,1,,Letter,
40,Prologue_WitchTalk,,,마녀님의 조언을 받아 솜뭉치를 움직이게 만들었습니다. 아이들이 참으로 좋아하더군요.,,,1,,Letter,
41,Prologue_WitchTalk,,,이젠 아이들을 집에 두고도 일하러 떠날 수 있습니다. 이게 다 마녀님 덕분입니다.,,,1,,Letter,
42,Prologue_WitchTalk,,,감사의 표시로 가장 부드러운 솜뭉치를 보내니\ 부디 받아주셨으면 합니다.,,,1,,Letter,
43,Prologue_WitchTalk,,,ⓘ추신. 솜뭉치에게 이름을 지어주면 좋아하더군요.ⓝ,,,1,,Letter,
44,Prologue_WitchTalk,24,주인공,솜뭉치라니\ 그게 뭔가요?,Child_A,FadeIn,1,,ContextUp,
45,Prologue_WitchTalk,25,마녀,인형이란다. 부드럽고 고운 천으로 만든 인형이지.,Witch_Idle,,1,,ContextUp,
46,Prologue_WitchTalk,,,저들의 아이가 부모와 떨어질 때마다 울음을 그치지 않는다기에\ 부모를 닮은 인형을 만들라 조언했단다.,,,1,,ContextUp,
47,Prologue_WitchTalk,,,기왕이면 움직이며 아이의 시선을 끌 만한 것으로 말이야.,,,1,,ContextUp,
48,Prologue_WitchTalk,26,주인공,우와\ 그럼 움직이는 인형이네요? 너무 신기해요!,Child_A,,1,,ContextUp,
49,Prologue_WitchTalk,27,마녀,후후\ 저기 있는 상자를 열어보겠니? 아마 너를 위한 인형이 들어있을 것 같구나.,Witch_Idle,,1,,ContextUp,
50,Prologue_GiftOpen,28,나레이터,ⓦ아이는 연보라색 리본이 묶인 상자를 열었어요. 그 안에는 반짝이는 눈을 가진 인형이 있었답니다.,,FadeOut,1,,Narration,
51,Prologue_GiftOpen,29,주인공,우와\ 우와! 너무 예뻐요! 이름이 뭔가요?,Child_A,FadeIn,1,,ContextUp,
52,Prologue_GiftOpen,30,마녀,이름은 없단다. 그래\ 네가 이름을 지어주지 않겠니?,Witch_Idle,,1,,,
53,Prologue_GiftOpen,31,주인공,제가요? 정말 제가 지어줘도 되나요?,Child_A,,1,,,
54,Prologue_GiftOpen,32,마녀,그럼\ 물론이지. 그건 널 위한 선물이잖니.,Witch_Idle,,1,,,
55,Prologue_GiftOpen,33,주인공,너무 좋아요! 그럼… ⓜ람ⓝ으로 할래요!,Child_A,,1,,,
56,Prologue_GiftOpen,34,마녀,후후\ 좋은 이름이구나. 그 아이도 마음에 드는 모양이야.,Witch_Idle,,1,,,
57,Prologue_GiftOpen,35,나레이터,ⓦ람이 된 인형은 깡총 뛰어다니며\ 아이의 주변을 맴돌았어요.,,FadeOut,1,,Narration,
58,Prologue_GiftOpen,,,ⓦ아이는 자신의 첫 친구에게 환히 웃어보였답니다.,,,1,,,
59,Day1_WakeUp,1,주인공,마녀님\ 좋은 아침이에요! 람도 좋은 아침이야!,Child_A,,1,,ContextUp,
60,Day1_WakeUp,2,마녀,그래\ 좋은 아침이구나.,Witch_Idle,,1,,,
61,Day1_WakeUp,3,람,좋은 아침! 아침! 좋아!,,,1,,,
62,Day1_WakeUp,4,주인공,헉\ 방금 람이 말한 거예요? 람\ 네가 말한 거야?,Child_A,,1,,,
63,Day1_WakeUp,5,람,나\ 말한다! 아침 좋아!,,,1,,,
64,Day1_WakeUp,6,주인공,응\ 응! 좋은 아침이야! 언제부터 말할 수 있게 된 거야?,Child_A,,1,,,
65,Day1_WakeUp,,,어제는 분명 못 말했던 것 같은데….,,,1,,,
66,Day1_WakeUp,7,람,잔다\ 일어난다! 성장! 말한다!,,,1,,,
67,Day1_WakeUp,8,마녀,자고 일어나니 말할 수 있게 되었나 보구나.,Witch_Idle,,1,,,
68,Day1_WakeUp,9,주인공,우와\ 정말 신기해요!,Child_A,,1,,,
69,Day1_WakeUp,10,람,나\ 신기하다? 대단하다!,,,1,,,
70,Day1_WakeUp,11,주인공,맞아\ 람 너는 대단해!,Child_A,,1,,,
71,Day1_WakeUp,12,마녀,후후\ 대화는 이쯤하고 식사하렴. 샐러드를 준비해두었단다.,Witch_Idle,,1,,,
72,Day1_WakeUp,13,주인공,혹시 연어 샐러드인가요?,Child_B,,1,,,
73,Day1_WakeUp,14,마녀,아쉽지만 연어는 넣지 않았단다. 연어가 먹고 싶니?,Witch_Idle,,1,,,
74,Day1_WakeUp,15,주인공,네…. 오늘은 꿈에서 연어 스테이크를 먹었거든요.,Child_B,,1,,,
75,Day1_WakeUp,16,람,연어\ 만든다. 먹는다! 가능!,,,1,,,
76,Day1_WakeUp,17,주인공,응? 그게 무슨 소리야\ 람?,Child_A,,1,,,
77,Day1_WakeUp,18,마녀,흐음… 그래\ 네가 만들어보는 것도 좋겠구나. 요리해보겠니?,Witch_Idle,,1,,,
78,Day1_WakeUp,19,주인공,네? 제가요?! 제가 그래도 될까요?,Child_A,,1,,,
79,Day1_WakeUp,20,마녀,그럼\ 물론이지. 다 큰 숙녀라면 뭐든 다 할 수 있단다.,Witch_Idle,,1,,,
80,Day1_WakeUp,21,주인공,와아\ 좋아요! 요리해볼게요! 그러니까\ 음….,Child_B,,1,,,
81,Day1_WakeUp,22,마녀,이리 오렴.,Witch_Idle,,1,,,
82,Day1_Morning,1,마녀,이 물체와 상호작용하면 여러 가지 물건을 만들 수 있다는 건 알고 있지?,,,1,,,
83,Day1_Morning,2,주인공,네\ 그럼요! 음식도 만들 수 있고\ 포션도 만들 수 있고\ 또….,Child_D,,1,,,
84,Day1_Morning,3,마녀,후후\ 그래. 이 물체는 마녀라면 누구나 다 다룰 수 있는 것이란다.,Witch_Idle,,1,,,
85,Day1_Morning,,,이젠 너에게도 사용법을 알려주마.,,,1,,,
86,Day1_Morning,4,주인공,너무 좋아요!,Child_A,,1,,,
87,Day1_Morning,5,마녀,물체와 상호작용하면\ 무지개처럼 둥근 빛이 나타날 거야.,Witch_Idle,,1,,,
88,Day1_Morning,,,네모난 빛이 특정한 위치로 향할 때\ 지팡이를 휘두르면 된단다.,,,1,,,
89,Day1_Morning,6,주인공,으음\ 잘 모르겠어요….,Child_B,,1,,,
90,Day1_Morning,7,마녀,후후\ 직접 해보면 알게 될 거란다. 이번엔 내가 도와주마.,Witch_Idle,,1,,,
91,Day1_Morning,8,나레이터,마녀와 아이는 맛있는 연어 샐러드를 만들었어요. 람도 먹고 싶다고 말했지만\ 인형은 음식을 먹을 수 없다는 이유로 먹지 못했답니다.,,FadeOut,1,,Narration,
92,Day1_Morning,9,마녀,우리 숙녀님\ 아침을 먹었으니 할 일을 해야겠지?,Witch_Idle,FadeIn,1,,ContextUp,
93,Day1_Morning,10,주인공,할 일이요? 음\ 으음… 오늘 해야 하는 게 있었나요?,Child_B,,1,,,
94,Day1_Morning,11,마녀,함께 편지를 확인해야 하지 않겠니?,Witch_Idle,,1,,,
95,Day1_Morning,12,주인공,헉\ 정말요? 오늘도 같이 편지 읽는 거예요?,Child_A,,1,,,
96,Day1_Morning,13,마녀,그럼. 너도 다 컸다고 했잖니. 어제도 함께 편지를 읽었고 말이야.,Witch_Idle,,1,,,
97,Day1_Morning,,,자\ 가서 편지를 가져오렴. 함께 읽자꾸나.,,,1,,,
98,Day1_LetterGet,1,마녀,편지를 다 가져온 것 같구나. 네가 원하는 편지를 먼저 꺼내 보렴.,Witch_Idle,,1,,,
99,Day1_Oriental,1,마녀,ⓞ고요한 아침의 나라ⓑ에서 온 편지구나.,Witch_Idle,,1,,,
100,Day1_Oriental,2,주인공,고요한 아침의 나라요?,Child_A,,1,,,
101,Day1_Oriental,3,마녀,그래. 어른아이 할 것 없이 공손함을 내세우는 나라란다. 한 번 읽어보겠니?,Witch_Idle,,1,,,어린 세자가 달콤하고 텁텁하지 않은 음식을 원하고 있다. 어떤 음식을 만들어야 할까?
102,Day1_Oriental,4,세자,내 나이 올해로 13세의 봄을 넘겼습니다.,,,1,,Letter,
103,Day1_Oriental,,,아바마마께옵서 나를 걱정하시어 반과상을 금하셨으니\ 내 입을 달래줄 것이 없어 허합니다.,,,1,,,
104,Day1_Oriental,,,남모르게 반과상을 차려줄 수 있겠습니까. 달콤하고 텁텁하지 않은 것이 그립습니다.,,,1,,,
105,Day1_Oriental,5,주인공,으음… 반과상이 무슨 뜻인가요?,Child_B,,1,,ContextUp,
106,Day1_Oriental,6,람,나\ 안다! 간식이다!,,,1,,,
107,Day1_Oriental,7,마녀,틀린 말은 아니구나. 이 아이가 원하는 것은 달콤한 간식이란다.,Witch_Idle,,1,,,
108,Day1_Oriental,8,주인공,편지에는 항상 이렇게 어려운 말이 쓰여 있나요?,Child_B,,1,,,
109,Day1_Oriental,9,마녀,그리 어려운 말은 아니란다. 이 나라에선 흔히 사용하는 말이지.,Witch_Idle,,1,,,
110,Day1_Oriental,,,다만\ 그래. 우리가 사용하는 말은 아니니\ 어렵게 느껴질 수 있겠구나.,,,1,,,
111,Day1_Oriental,,,다른 편지에도 네가 모르는 단어가 나올 수 있겠지.,,,1,,,
112,Day1_Oriental,10,주인공,모르는 게 있을 때마다 마녀님께 여쭤봐도 되나요?,Child_A,,1,,,
113,Day1_Oriental,11,마녀,후후\ 그것도 좋은 생각이지만\ 되도록 혼자 추측해보렴.,Witch_Idle,,1,,,
114,Day1_Oriental,,,마녀에게는 무언가를 추측하는 능력도 굉장히 중요하단다.,,,1,,,
115,Day1_Oriental,12,주인공,노력해볼게요! 그래도 모르는 게 있으면 알려주실 거죠?,Child_D,,1,,,
116,Day1_Oriental,13,마녀,후후… 나도 노력해보마.,Witch_Idle,,1,,,
117,Day1_Oriental,,,자\ 그럼 우리 숙녀님. 편지의 주인을 위해 무엇을 만들어줄 거니?,,,1,,,
118,Day1_Oriental,14,주인공,으음\ 그러니까….,Child_B,,1,Day1_Oriental_Choice,,
119,Day1_Western,1,마녀,이건 ⓞ별이 지지 않는 제국ⓑ에서 온 편지란다.,Witch_Idle,,1,,,
120,Day1_Western,2,주인공,앗\ 그럼 항상 별이 떠 있는 건가요?,Child_A,,1,,,
121,Day1_Western,3,마녀,후후\ 그건 아니란다. 이 별은 용사를 의미하는 것일 테니 말이야.,Witch_Idle,,1,,,
122,Day1_Western,4,주인공,악당을 물리치는 용사 말이에요? 우와\ 대단해요!,Child_A,,1,,,
123,Day1_Western,5,마녀,뭐\ 대단한 곳이긴 하지….,Witch_Idle,,1,,,
124,Day1_Western,,,자\ 그럼 편지를 읽어보자꾸나.,,,1,,,용사로 선발된 이가 동료들과 친해지기 위한 조언을 구하고 있다. 어떤 말을 해줘야 할까?
125,Day1_Western,6,검사,안녕하십니까. 용사 사관학교 1027기 졸업생입니다.,,,1,,Letter,
126,Day1_Western,,,최근 마왕이 발호하며 490대 용사로 선발되었는데\ 함께 선발된 이들은 얼굴조차 모르는 사이입니다. ,,,1,,,
127,Day1_Western,,,마왕에게 맞서려면 모두가 친해지는 것이 우선이라 생각합니다.,,,1,,,
128,Day1_Western,,,어떻게 해야 그들과 친해질 수 있을지\ 조언을 구하고 싶습니다.,,,1,,,
129,Day1_Western,7,주인공,용사님이 친구를 만들고 싶은가 봐요!,Child_A,,1,,ContextUp,
130,Day1_Western,8,람,친구\ 좋다! 우리는 모두 친구!,,,1,,,
131,Day1_Western,9,마녀,후후\ 그리 보이는구나. 친구를 원하는 용사에게 조언해주렴.,Witch_Idle,,1,,,
132,Day1_Western,10,주인공,으음\ 어떤 조언이 좋을까요?,Child_B,,1,,,
133,Day1_Western,11,마녀,네가 생각하는 것을 솔직하게 말하면 된단다.,Witch_Idle,,1,,,
134,Day1_Western,,,친구를 사귀려면 어떻게 해야 한다고 생각하니?,,,1,,,
135,Day1_Animal,1,주인공,이건 어디에서 온 편지인가요?,Child_A,,1,Day1_Western_Choice,,
136,Day1_Animal,2,마녀,ⓞ함께 사는 우리 마을ⓑ에서 온 편지란다. 인간 대신 동물들이 사는 곳이지.,Witch_Idle,,1,,,
137,Day1_Animal,3,주인공,우와\ 동물들이 산다니 너무 멋진 곳이에요!,Child_A,,1,,,
138,Day1_Animal,,,이 편지도 그런 동물들이 쓴 건가요?,,,1,,,
139,Day1_Animal,4,마녀,후후\ 그렇단다. 한 번 읽어보겠니?,Witch_Idle,,1,,,개 부부가 입양한 고양이의 야행성에 골머리를 앓고 있다. 적절한 물약을 만들어 주자.
140,Day1_Animal,5,도그 부부,안녕하세요\ 마녀님. 저희는 한적한 마을에 사는 부부예요.,,,1,,Letter,
141,Day1_Animal,,,아이를 갖지 못하던 중 길가에 버려진 아이를 발견해 데려왔답니다. 그 아이가 고양이인 줄은 모르고 말이죠.,,,1,,,
142,Day1_Animal,,,저희는 개여서 고양이의 습성을 몰라요. 아이가 밤에 주로 활동한다는 것도 몰랐고요.,,,1,,,
143,Day1_Animal,,,번갈아 양육하고는 있지만\ 밤에 깨어있는 게 너무 힘들어요.,,,1,,,
144,Day1_Animal,,,이 문제를 해결할 만한 물약이 있을까요?,,,1,,,
145,Day1_Animal,6,주인공,앗\ 어떡하죠? 저도 육아하는 법은 모르는데…!,Child_B,,1,,ContextUp,
146,Day1_Animal,7,마녀,후후\ 그렇지. 아이가 아이를 어찌 키우겠니.,Witch_Idle,,1,,,
147,Day1_Animal,8,주인공,저는 아이가 아니에요! 저도 다 컸는걸요!,Child_D,,1,,,
148,Day1_Animal,9,마녀,그래\ 그래. 이젠 숙녀님이지.,Witch_Idle,,1,,,
149,Day1_Animal,,,우리 숙녀님\ 편지에 답장할 땐 육아하는 법 정도는 몰라도 된단다.,,,1,,,
150,Day1_Animal,,,이 부부가 원하는 것이 너무 명확하잖니.,,,1,,,
151,Day1_Animal,10,주인공,앗\ 그런가요? …그렇네요! 물약을 만드는 것!,Child_B,,1,,,
152,Day1_Animal,11,마녀,그래\ 그렇지. 어떤 물약을 만들어야 이 문제를 해결할 수 있을까?,Witch_Idle,,1,Day1_Animal_Choice,,
153,Day1_Future,1,주인공,우와\ 이 편지는 되게 까맣네요!,Child_A,,1,,,
154,Day1_Future,2,마녀,으음? 그렇구나. 이건 ⓞ미래를 개척하는 첨단 도시ⓑ에서 온 편지란다.,Witch_Idle,,1,,,
155,Day1_Future,3,주인공,미래를 개척하는… 네?,Child_B,,1,,,
156,Day1_Future,4,마녀,미래를 개척하는 첨단 도시. 이름이 조금 길지?,Witch_Idle,,1,,,
157,Day1_Future,,,허황된 미래를 꿈꾸는 자들이 모여 사는 곳이란다.,,,1,,,
158,Day1_Future,,,운이 좋으면 비슷한 미래가 만들어지기도 하지만\ 글쎄… 항상 그렇지만은 않으니 말이다.,,,1,,,
159,Day1_Future,,,별로 중요한 건 아니니 넘어가자꾸나.,,,1,,,영양 알약을 만들어낸 과학자는 자신이 부자가 될 것이라 생각한다. 부자가 되면 무엇을 할지 추천하자.
160,Day1_Future,5,영양 분석가,나는 위대한 과학자라네. 때로는 괴짜라 불리기도 하지만\ 그 누구도 내 실력은 의심하지 않지!,,,1,,Letter,
161,Day1_Future,,,그거 아는가? 난 무려 영양 알약을 만들어냈네. 이젠 그 누구도 영양실조를 걱정할 필요가 없어질 테지.,,,1,,,
162,Day1_Future,,,그리고 난 부자가 될 걸세! 부자가 되면 무엇이 좋냐고? 그건 잘 모르겠네.,,,1,,,
163,Day1_Future,,,부자가 되면 무엇을 하는 게 좋다고 생각하는가?,,,1,,,
164,Day1_Future,6,주인공,영양 알약이 뭔가요?,Child_B,,1,,ContextUp,
165,Day1_Future,7,마녀,아\ 결국은 개발에 성공했나 보구나.,Witch_Idle,,1,,,
166,Day1_Future,,,영양 알약은 음식을 대체하기 위해 만들어진 것이란다.,,,1,,,
167,Day1_Future,8,주인공,음식을 대체해요? 왜요?,Child_B,,1,,,
168,Day1_Future,9,마녀,글쎄\ 여러 이유가 있겠지만…. 저 도시는 음식을 못 먹는 자들이 많으니\ 그들을 위한 것이겠지.,Witch_Idle,,1,,,
169,Day1_Future,10,주인공,음식을 못 먹는다고요? 맛있는 음식을 못 먹는다니\ 너무 불쌍해요….,Child_B,,1,,,
170,Day1_Future,11,마녀,그들을 쉬이 동정하지 마렴.,Witch_Idle,,1,,,
171,Day1_Future,12,주인공,하지만….,Child_B,,1,,,
172,Day1_Future,13,마녀,그들이 너의 동정을 바라지 않을 수도 있잖니. 그리고….,Witch_Idle,,1,,,
173,Day1_Future,,,아니\ 아니란다. 지금 중요한 것은 이게 아니지.,,,1,,,
174,Day1_Future,,,숙녀님\ 너는 부자가 되면 무엇을 하고 싶니?,,,1,,,
175,Day1_Future,14,주인공,제가 원하는 건 마녀님과 함께 행복하게 사는 것뿐이에요!,Child_B,,1,,,
176,Day1_Future,15,마녀,후후\ 그건 기쁜 말이지만\ 편지의 답은 될 수 없겠구나.,Witch_Idle,,1,,,
177,Day1_Future,16,주인공,으음\ 그렇다면….,Child_B,,1,Day1_Future_Choice,,
178,Day1_Oriental_Choice1,1,주인공,초콜릿 쿠키요! 초콜릿 쿠키를 싫어하는 사람은 없으니까요!,Child_D,,1,,,
179,Day1_Oriental_Choice1,2,마녀,후후\ 그러렴. 재료는 내가 준비해두마.,Witch_Idle,,1,,,
180,Day1_Oriental_Choice2,1,주인공,사과 파이요! 사과 파이를 먹으면 기분도 상큼해지지 않을까요?,Child_D,,1,,,
181,Day1_Oriental_Choice2,2,마녀,후후\ 좋은 생각이야. 재료는 내가 준비해두마.,Witch_Idle,,1,,,
182,Day1_Oriental_Choice3,1,주인공,딸기 케이크를 만들래요! 예쁘고 맛있는 선물을 받으면 기분도 좋아지겠죠?,Child_D,,1,,,
183,Day1_Oriental_Choice3,2,마녀,후후\ 좋은 생각이구나. 재료는 내가 준비해두마.,Witch_Idle,,1,,,
184,Day1_Western_Choice1,1,주인공,음… 서로에 대해 더 잘 알아야 한다고 생각해요!,Child_B,,1,,,
185,Day1_Western_Choice1,,,그러니까\ 음\ 고향에 대해 얘기하는 건 어떨까요?,,,1,,,
186,Day1_Western_Choice1,2,마녀,그래\ 좋은 생각이구나. 그리 답장하면 되겠어.,Witch_Idle,,1,,,
187,Day1_Western_Choice2,1,주인공,친해질 때는 서로의 공통점을 찾으라고 했어요!,Child_D,,1,,,
188,Day1_Western_Choice2,,,그러니까 취미에 대해 얘기해보는 건 어떨까요?,,,1,,,
189,Day1_Western_Choice2,2,마녀,그래\ 좋은 생각이란다. 그리 답장하면 되겠어.,Witch_Idle,,1,,,
190,Day1_Western_Choice3,1,주인공,으음… 역시 좋아하는 음식에 대해 얘기하는 건 어떨까요?,Child_B,,1,,,
191,Day1_Western_Choice3,,,좋아하는 음식이 없을 리는 없으니까요!,,,1,,,
192,Day1_Western_Choice3,2,마녀,나쁘지 않구나. 그리 답장하렴.,Witch_Idle,,1,,,
193,Day1_Animal_Choice1,1,주인공,피로 회복 물약은 어떨까요? 밤에도 깨어있으면 건강이 나빠질 테니까요!,Child_B,,1,,,
194,Day1_Animal_Choice1,2,마녀,후후\ 좋은 생각이구나. 몸이 회복되면 육아하기도 수월하겠지.,Witch_Idle,,1,,,
195,Day1_Animal_Choice1,,,너를 키울 때 자주 썼던 물약이기도 하단다.,,,1,,,
196,Day1_Animal_Choice1,3,주인공,저를 키울 때 썼던 물약이요?,Child_A,,1,,,
197,Day1_Animal_Choice1,4,마녀,그래. 너 역시 제대로 안 자고 돌아다녔거든.,Witch_Idle,,1,,,
198,Day1_Animal_Choice1,,,어찌나 많은 사고를 치는지\ 하루도 조용한 날이 없었단다.,,,1,,,
199,Day1_Animal_Choice1,5,주인공,거짓말이죠! 제가 그럴 리가 없어요!,Child_D,,1,,,
200,Day1_Animal_Choice1,6,마녀,후후… 믿고 싶은 대로 믿으렴.,Witch_Idle,,1,,,
201,Day1_Animal_Choice2,1,주인공,잠이 오게 하는 물약은 어떨까요? 아이가 밤에 자고 낮에 활동하게 만들면 되잖아요!,Child_A,,1,,,
202,Day1_Animal_Choice2,2,마녀,흐음… 아이에게 사용하려면 더 순하게 만들어야겠구나.,Witch_Idle,,1,,,
203,Day1_Animal_Choice2,,,재료는 내가 준비할 테니 걱정 마렴.,,,1,,,
204,Day1_Animal_Choice3,1,주인공,잠이 안 오게 하는 물약은 어떨까요? 밤에 깨어있는 게 힘들다고 했으니까요!,Child_A,,1,,,
205,Day1_Animal_Choice3,2,마녀,후후… 그렇게 생각하는구나. 그래\ 아직 부모의 고충을 모를 때지.,Witch_Idle,,1,,,
206,Day1_Animal_Choice3,3,주인공,앗\ 이 물약이 아닌가요?,Child_B,,1,,,
207,Day1_Animal_Choice3,4,마녀,아니\ 아니야. 네가 그리 생각한다면\ 그 물약으로도 충분하단다.,Witch_Idle,,1,,,
208,Day1_Animal_Choice3,,,재료는 내가 준비해두마.,,,1,,,
209,Day1_Future_Choice1,1,주인공,돈을 다른 사람들에게 나눠주는 게 좋다고 생각해요!,Child_D,,1,,,
210,Day1_Future_Choice1,,,그럼 모두가 행복해지지 않을까요?,,,1,,,
211,Day1_Future_Choice1,2,마녀,그럴 수도 있겠구나. 그래\ 그리 답장을 보내자꾸나.,Witch_Idle,,1,,,
212,Day1_Future_Choice2,1,주인공,집을 예쁘게 꾸며보는 건 어떨까요?,Child_B,,1,,,
213,Day1_Future_Choice2,,,좋아하는 물건으로 집을 가득 채우면 기분이 좋아질 거예요!,Child_D,,1,,,
214,Day1_Future_Choice2,2,마녀,너처럼 말이지.,Witch_Idle,,1,,,
215,Day1_Future_Choice2,3,주인공,히히\ 그렇죠! 저처럼 말이에요.,Child_D,,1,,,
216,Day1_Future_Choice2,4,마녀,어찌나 제 물건을 아끼는지\ 다 낡은 물건도 버리지 않고 모셔두고 살잖니.,Witch_Idle,,1,,,
217,Day1_Future_Choice2,5,주인공,하지만 모두 마녀님이 준 소중한 물건인걸요!,Child_D,,1,,,
218,Day1_Future_Choice2,6,마녀,내가 준 것을 소중히 여기는 건 좋지만\ 낡은 것은 좀 버리자꾸나.,Witch_Idle,,1,,,
219,Day1_Future_Choice2,7,주인공,그럴 순 없어요! 세상이 무너지는 한이 있어도 절대 안 돼요!,Child_D,,1,,,
220,Day1_Future_Choice2,8,마녀,그래\ 네 고집을 누가 말리겠니….,Witch_Idle,,1,,,
221,Day1_Future_Choice3,1,주인공,과학자라고 했으니까\ 새로운 발명품을 만드는 건 어떨까요?,Child_A,,1,,,
222,Day1_Future_Choice3,,,책에서 봤는데\ 발명할 때는 돈이 많이 든대요!,,,1,,,
223,Day1_Future_Choice3,2,마녀,그래\ 무언가를 만드는 데는 품이 많이 들지.,Witch_Idle,,1,,,
224,Day1_Future_Choice3,,,좋은 생각이구나. 그리 답장하자꾸나.,,,1,,,
225,Day1_LetterCheck,1,주인공,우와… 편지를 다 읽으니까 오전이 다 사라져버렸어요.,Child_A,,1,,,
226,Day1_LetterCheck,2,마녀,워낙 확인할 것이 많으니 말이다. 자\ 그럼 이제 편지에 답장하자꾸나.,Witch_Idle,,1,,,
227,Day1_LetterCheck,,,저들이 원한 물건도 만들어야 하지 않겠니?,,,1,,,
228,Day1_LetterCheck,3,주인공,앗… 물건까지 다 만들고 나면 저녁이 되어버리는 거 아닐까요?,Child_B,,1,,,
229,Day1_LetterCheck,4,마녀,흐음… 그렇겠구나. 그럼 점심을 먹고 난 뒤에 하자꾸나.,Witch_Idle,,1,,,
230,Day1_Lunch,1,나레이터,마녀와 아이는 간단하게 점심을 먹었어요. 음식을 먹지 못하는 람은 토라져 있었지만\ 아무도 눈치채지 못했답니다.,,FadeOut,1,,Narration,
231,Day1_Lunch,2,마녀,자\ 점심도 먹었으니 이제 물건을 만들어 답장하자꾸나.,Witch_Idle,FadeIn,1,,ContextUp,
232,Day1_Lunch,,,물건을 어떻게 만드는지는 기억하고 있지?,,,1,,,
233,Day1_Lunch,3,주인공,그럼요! 저 항아리에서 만들면 되는 거죠?,Child_D,,1,,,
234,Day1_Lunch,4,마녀,후후\ 그래. 한 번 만들어 보렴. 너라면 잘할 것이란다.,Witch_Idle,,1,,,
235,Day1_Dinner,1,주인공,휴… 겨우 다 만들었네요! 답장도 다 썼고요!,Child_B,,1,,,
236,Day1_Dinner,2,마녀,후후\ 수고했구나. 무척 잘해주었어.,Witch_Idle,,1,,,
237,Day1_Dinner,3,주인공,정말요? 저 정말 잘했어요?,Child_A,,1,,,
238,Day1_Dinner,4,마녀,그럼. 믿고 맡겨도 되겠는걸.,Witch_Idle,,1,,,
239,Day1_Dinner,5,주인공,와\ 와아! 너무 기뻐요! 앞으로도 열심히 할게요!,Child_D,,1,,,
240,Day1_Dinner,6,마녀,그래\ 그러자꾸나. 이제 저녁을 먹을까? 저녁으로 연어 스테이크는 어떻니?,Witch_Idle,,1,,,
241,Day1_Dinner,7,주인공,헉\ 너무 좋아요! 마녀님이 최고예요!,Child_A,,1,,,
242,Day1_Dinner,8,나레이터,아이는 행복한 하루를 보냈어요. 사람들을 위해 물건을 만들고 편지를 보내다니\ 정말 꿈만 같았죠.,,FadeOut,1,,Narration,
243,Day1_Dinner,,,하지만 아이를 가장 기쁘게 만든 건\ 다름 아닌 마녀의 칭찬이었어요. 아이는 이런 하루가 지속되길 바랐답니다.,,,1,,,
244,Day2_WakeUp,1,주인공,오늘도 좋은 아침이에요!,Child_A,FadeIn,1,,ContextUp,
245,Day2_WakeUp,,,오늘 아침은\ 음… 양송이 수프인가요?,Child_B,,1,,,
246,Day2_WakeUp,2,마녀,어머\ 어떻게 알았니?,Witch_Idle,,1,,,
247,Day2_WakeUp,3,주인공,히히\ 수프 냄새가 났으니까요!,Child_A,,1,,,
248,Day2_WakeUp,,,제가 양송이 수프를 얼마나 좋아하는지 아시잖아요~,,,1,,,
249,Day2_WakeUp,4,마녀,후후\ 그렇지. 넌 양송이 수프만 먹으면 고개를 들지 않으니 말이다.,Witch_Idle,,1,,,
250,Day2_WakeUp,5,주인공,그\ 그 정도까진 아니에요!,Child_A,,1,,,
251,Day2_WakeUp,6,마녀,후후…. 어서 식사하자꾸나. 오늘도 할 일이 많잖니.,Witch_Idle,,1,,,
252,Day2_Morning,1,나레이터,그들은 양송이 수프를 먹었어요. 도중에 가벼운 소란이 있긴 했지만….,,FadeOut,1,,Narration,
253,Day2_Morning,2,람,안 보인다\ 얼굴! 빠졌다\ 수프에!,,,1,,ContextUp,
254,Day2_Morning,3,주인공,아잇\ 고개 들고 있잖아! 람\ 너까지 놀리기야?,,,1,,,
255,Day2_Morning,4,람,진짜다! 사실이다! 얼굴 없다!,,,1,,,
256,Day2_Morning,5,주인공,람…!,,,1,,,
257,Day2_Morning,6,나레이터,소란이 있긴 했지만\ 모두가 행복한 시간이었답니다.,,,1,,Narration,
258,Day2_Morning,7,마녀,자\ 이제 편지를 읽어보자꾸나.,Witch_Idle,FadeIn,1,,ContextUp,
259,Day2_Morning,8,주인공,오늘은 또 어떤 편지가 왔을까요? 너무 궁금해요!,Child_A,,1,,,
260,Day2_Morning,9,마녀,후후\ 그렇니? 나도 궁금하구나.,Witch_Idle,,1,,,
261,Day2_Oriental,1,양반,안녕하시오. 내 저잣거리에서 소문 하나를 들어\ 이리 편지를 보내오.,,,1,,Letter,과거에서 여러 번 낙방한 양반이 가문의 몰락을 걱정하고 있다. 어떤 말을 해줘야 할까?
262,Day2_Oriental,,,어떤 고민이든 해소해주는 자가 있다고 하더구려. 그대가 그러한 존재이오?,,,1,,,
263,Day2_Oriental,,,내 고민 하나가 있는데 들어주시지 않겠소이까.,,,1,,,
264,Day2_Oriental,,,내 가문은 한때 부흥했으나 이제는 몰락의 길을 걷고 있소.,,,1,,,
265,Day2_Oriental,,,가문을 살려야 하건만\ 과거에 여러 번 낙방하여 어머니를 뵐 낯이 없소.,,,1,,,
266,Day2_Oriental,,,이번에도 낙방한다면 가문은 진정 몰락할지도 모르오.,,,1,,,
267,Day2_Oriental,,,나는 어찌하여야 좋단 말이오.,,,1,,,
268,Day2_Oriental,2,주인공,가문이 몰락한다는 건 어떤 의미인가요?,Child_B,,1,,ContextUp,
269,Day2_Oriental,3,마녀,글쎄… 우리 숙녀님은 어떻게 생각하니?,Witch_Idle,,1,,,
270,Day2_Oriental,4,주인공,으음… 가난해진다는 게 아닐까요? 먹고 싶은 것도 못 먹고요!,Child_B,,1,,,
271,Day2_Oriental,5,마녀,그렇구나. 그 또한 몰락의 일부겠지.,Witch_Idle,,1,,,
272,Day2_Oriental,6,주인공,마녀님은 어떻게 생각하세요? 다른 몰락도 있나요?,Child_B,,1,,,
273,Day2_Oriental,7,마녀,후후… 다른 몰락도 많단다. 이를테면 고향을 잃고 떠도는 것 역시 몰락이겠지.,Witch_Idle,,1,,,
274,Day2_Oriental,8,주인공,고향을 잃고 떠돈다고요?,Child_B,,1,,,
275,Day2_Oriental,9,마녀,그래. 네가 알기 쉽게 말하자면\ 이 숲을 잃고 다른 곳으로 떠나야 하는 게 되겠구나.,Witch_Idle,,1,,,
276,Day2_Oriental,10,주인공,숲을 잃는다니\ 너무 끔찍해요! 어떻게 그럴 수가 있죠?,Child_E,,1,,,
277,Day2_Oriental,11,마녀,사람의 운명은 모르는 법이잖니.,Witch_Idle,,1,,,
278,Day2_Oriental,,,그러니 우리 숙녀님\ 저 안쓰러운 자에게 답해주자꾸나.,,,1,,,
279,Day2_Oriental,12,주인공,뭐라고 말해야 할까요?,Child_B,,1,,,
280,Day2_Oriental,13,마녀,네 생각을 그대로 알려주면 되지 않겠니?,Witch_Idle,,1,Day2_Oriental_Choice,,
281,Day2_Western,1,신관,안녕하세요\ 저는 별을 모시는 신관입니다. 얼마 전\ 용사로 발탁되기도 했지요.,,,1,,Letter,용사로 선발된 신관이 야영에 불편함을 호소하고 있다. 벌레 문제를 해결할 물약을 만들어 주자.
282,Day2_Western,,,용사로 발탁된 것은 영광으로 여기고 있습니다만\ 신께서 저에게 시련을 내리셨더군요.,,,1,,,
283,Day2_Western,,,언제나 평화로운 신전에서 지내던 전 난생처음으로 야영을 하게 되었습니다.,,,1,,,
284,Day2_Western,,,다른 것은 다 괜찮습니다. 하지만 벌레\ 벌레가 문제입니다! 벌레 때문에 잠을 잘 수가 없어요.,,,1,,,
285,Day2_Western,,,이를 해결해주신다면\ 당신의 안녕을 기도하겠습니다.,,,1,,,
286,Day2_Western,2,주인공,으음? 벌레 때문에 잠을 못 잘 수도 있나요?,Child_B,,1,,ContextUp,
287,Day2_Western,3,마녀,예민한 자들은 사소한 문제로도 잠에 들지 못한단다.,Witch_Idle,,1,,,
288,Day2_Western,4,주인공,하지만 벌레는 일상이잖아요!,Child_B,,1,,,
289,Day2_Western,5,마녀,이 숲에 사는 우리에겐 그렇겠지만\ 다른 곳에 사는 이들에겐 그렇지 않을 수도 있잖니.,Witch_Idle,,1,,,
290,Day2_Western,,,곤충 하나 없는 곳에서 지내다가 숲에 들어오면\ 꽤나 적응하기 힘들 거란다.,,,1,,,
291,Day2_Western,6,주인공,으음… 이해가 잘 안 돼요.,Child_B,,1,,,
292,Day2_Western,7,마녀,후후\ 그래. 우리 숙녀님은 곤충과도 친구였지.,Witch_Idle,,1,,,
293,Day2_Western,8,람,친구? 곤충? 우리 모두 친구!,,,1,,,
294,Day2_Western,9,마녀,자\ 그래서 숙녀님. 잠에 못 드는 이에겐 무엇을 해주어야 할까?,Witch_Idle,,1,Day2_Western_Choice,,
295,Day2_Animal,1,햄스터,안녕하세요\ 마녀님! 저는 햄햄이라고 해요.,,,1,,Letter,코끼리에게 첫눈에 반한 햄스터가 데이트를 신청하려 한다. 효과적인 데이트 신청 방법을 알려주자.
296,Day2_Animal,,,마녀님은 사랑이 뭐라고 생각하시나요? 저는 해바라기 씨라고 생각해요!,,,1,,,
297,Day2_Animal,,,해바라기 씨처럼 고소하고 맛있는 게 사랑 아닐까요?,,,1,,,
298,Day2_Animal,,,저는 해바라기 씨 같은 사랑을 느끼고 말았어요. 무려 코끼리에게서요!,,,1,,,
299,Day2_Animal,,,햄스터가 코끼리를 좋아한다니\ 이상할 수도 있겠지만 저는 진심이에요!,,,1,,,
300,Day2_Animal,,,보통은 어떤 식으로 데이트 신청을 하나요? 코끼리랑 같이 데이트하고 싶어요!,,,1,,,
301,Day2_Animal,2,주인공,우와\ 햄스터와 코끼리의 사랑이라니! 너무 낭만적이에요!,Child_A,,1,,ContextUp,
302,Day2_Animal,3,람,사랑\ 위대하다!,,,1,,,
303,Day2_Animal,4,주인공,맞아\ 맞아! 위대한 사랑 같아!,Child_A,,1,,,
304,Day2_Animal,5,마녀,후후\ 그렇니? 그럼 햄스터의 사랑이 이뤄지도록 도와주자꾸나.,Witch_Idle,,1,,,
305,Day2_Animal,,,데이트 신청은 어떻게 해야 할 것 같니?,,,1,Day2_Animal_Choice,,
306,Day2_Future,1,노인,저는 오래전부터 폐병을 앓고 있는 노인입니다.,,,1,,Letter,노인의 집에 먼지가 많아\ 병이 더 악화되고 있다. 먼지를 해결할 물약을 만들자.
307,Day2_Future,,,옆집 사람이 말하길\ 집 안이 지저분하여 없던 병도 생기겠다 합니다.,,,1,,,
308,Day2_Future,,,쌓인 먼지라도 치워야 할 듯한데\ 제 몸이 따라주질 않아 섭합니다.,,,1,,,
309,Day2_Future,,,좋은 방법이 없겠습니까?,,,1,,,
310,Day2_Future,2,주인공,마녀님\ 폐병이 뭐예요?,Child_B,,1,,ContextUp,
311,Day2_Future,3,마녀,폐\ 그러니까 호흡과 관련된 병을 일컫는 말이란다.,Witch_Idle,,1,,,
312,Day2_Future,,,병에 따라 다르지만\ 공통적으로 호흡하기 힘들어진다는 특징이 있지.,,,1,,,
313,Day2_Future,4,주인공,호흡을 못 하면 죽지 않아요?!,Child_B,,1,,,
314,Day2_Future,,,그럼\ 그럼 병을 낫게 하는 약을 드려야 하는 게 아닐까요?,,,1,,,
315,Day2_Future,5,마녀,글쎄…. 저 자가 원하는 것은 먼지를 치울 방법이잖니.,Witch_Idle,,1,,,
316,Day2_Future,,,우리는 그에 맞는 물약을 만들 뿐이란다.,,,1,,,
317,Day2_Future,6,주인공,하지만…!,Child_E,,1,,,
318,Day2_Future,7,마녀,숙녀님\ 저 자가 원하지 않은 것을 만들 순 없어. 그건 우리의 일이 아니잖니.,Witch_Idle,,1,,,
319,Day2_Future,8,주인공,그래도….,Child_E,,1,,,
320,Day2_Future,9,마녀,그만하자꾸나. 서둘러 물약을 만들어야 하지 않겠니.,Witch_Idle,,1,,,
321,Day2_Future,,,우리 숙녀님. 어떤 물약을 만드는 게 좋을까?,,,1,Day2_Future_Choice,,
322,Day2_Oriental_Choice,1,주인공,이렇게 말해도 괜찮겠죠?,Child_B,,1,,,
323,Day2_Oriental_Choice,2,마녀,달리 문제 될 게 있니?,Witch_Idle,,1,,,
324,Day2_Oriental_Choice,3,주인공,그게\ 음… 진짜로 몰락할 수도 있다고 생각하면\ 무슨 말을 들어도 힘이 될 것 같진 않아서요.,Child_B,,1,,,
325,Day2_Oriental_Choice,,,이 숲을 잃는다고 생각하면 정말 끔찍한걸요. 아무것도 하고 싶지 않아질 것 같아요.,,,1,,,
326,Day2_Oriental_Choice,4,마녀,후후… 우리 숙녀님\ 인간은 생각보다 강인하단다.,Witch_Idle,,1,,,
327,Day2_Oriental_Choice,,,누군가의 한 마디로 기운이 생겨\ 몰락을 막아낼 수도 있지 않겠니?,,,1,,,
328,Day2_Oriental_Choice,5,주인공,그럼 좋겠지만요….,Child_B,,1,,,
329,Day2_Oriental_Choice,6,마녀,나는 네 답장이 그에게 힘을 줄 것이라고 생각한단다.,Witch_Idle,,1,,,
330,Day2_Oriental_Choice,,,나를 믿으렴.,,,1,,,
331,Day2_Oriental_Choice,7,주인공,네…! 마녀님을 믿을게요!,Child_A,,1,,,
332,Day2_Western_Choice1,1,주인공,벌레에 신경 쓰기 전에 바로 잠들면 되지 않을까요?,Child_B,,1,,,
333,Day2_Western_Choice1,2,마녀,후후\ 그래. 좋은 생각이구나.,Witch_Idle,,1,,,
334,Day2_Western_Choice1,,,잠이 오게 만들면\ 바로 잠들 수 있을지도 모르겠어.,,,1,,,
335,Day2_Western_Choice2,1,마녀,주변을 깨끗이 만들면 잠들 수 있을 거라 생각하니?,Witch_Idle,,1,,,
336,Day2_Western_Choice2,2,주인공,네! 주변이 깨끗하면 벌레도 없을 거고\ 그럼 신경 쓸 게 없으니 잘 수 있을 거예요!,Child_A,,1,,,
337,Day2_Western_Choice2,3,마녀,후후\ 그래. 그리하자꾸나.,Witch_Idle,,1,,,
338,Day2_Western_Choice3,1,마녀,소리가 들리지 않게 하겠다니. 무엇을 위한 것이니?,Witch_Idle,,1,,,
339,Day2_Western_Choice3,2,주인공,으음\ 그러니까… 저도 가끔 모깃소리 때문에 깰 때가 있거든요.,Child_B,,1,,,
340,Day2_Western_Choice3,,,그러니 벌레 소리가 안 나게 하면 잠들 수 있지 않을까요?,,,1,,,
341,Day2_Western_Choice3,3,마녀,후후\ 그것참 창의적인 생각이구나. 그리하자꾸나.,Witch_Idle,,1,,,
342,Day2_Animal_Choice1,1,마녀,맛집이라니. 우리 숙녀님다운 생각이구나.,Witch_Idle,,1,,,
343,Day2_Animal_Choice1,2,주인공,같이 맛있는 걸 먹으러 가자고 하는데 거절할 수 있는 사람은 없을 거예요!,Child_B,,1,,,
344,Day2_Animal_Choice1,3,마녀,어머… 우리 숙녀님\ 낯선 이가 사탕을 준다 해도 따라가면 안 된단다.,Witch_Idle,,1,,,
345,Day2_Animal_Choice1,4,주인공,그건 저도 알고 있다고요!,Child_D,,1,,,
346,Day2_Animal_Choice1,5,마녀,양송이 수프를 준다고 해도 따라가면 안 돼.,Witch_Idle,,1,,,
347,Day2_Animal_Choice1,6,주인공,앗\ 그건…. 당연히 안 따라가죠! 저는 바보가 아니라고요!,Child_D,,1,,,
348,Day2_Animal_Choice1,7,마녀,후후\ 그래. 믿으마.,Witch_Idle,,1,,,
349,Day2_Animal_Choice2,1,주인공,장미꽃을 선물하면 분명 감동할 거예요!,Child_A,,1,,,
350,Day2_Animal_Choice2,,,그때\ 짠 하고 데이트를 신청하는 거죠!,,,1,,,
351,Day2_Animal_Choice2,2,마녀,어머… 우리 숙녀님\ 그런 건 어디서 배웠니?,Witch_Idle,,1,,,
352,Day2_Animal_Choice2,3,주인공,소설에서요! 남자 주인공이 장미꽃을 주면서 고백하면\ 여자 주인공은 울면서 감동하더라고요!,Child_A,,1,,,
353,Day2_Animal_Choice2,4,마녀,저런…. 우리 숙녀님\ 소설과 현실은 다르단다.,Witch_Idle,,1,,,
354,Day2_Animal_Choice2,5,주인공,그럴 리가 없어요! 저도 장미꽃을 받으면 감동할 거예요!,Child_D,,1,,,
355,Day2_Animal_Choice2,6,마녀,그래\ 그렇구나…. 아무래도 서재에 잘못된 서적을 들인 모양이야….,Witch_Idle,,1,,,
356,Day2_Animal_Choice2,7,주인공,네에? 그건 정말 감동적인 소설이라고요!,Child_D,,1,,,
357,Day2_Animal_Choice2,8,마녀,후후…. 당분간 서재에 가지 마렴. 정리할 게 많겠구나.,Witch_Idle,,1,,,
358,Day2_Animal_Choice2,9,주인공,아\ 안 돼요! 아직 못 읽은 소설이 많은데!!,Child_E,,1,,,
359,Day2_Animal_Choice2,10,마녀,람\ 우리 숙녀님이 서재에 들어가지 않게 막으렴.,Witch_Idle,,1,,,
360,Day2_Animal_Choice2,11,람,좋다! 나\ 막는다! 서재!,,,1,,,
361,Day2_Animal_Choice2,12,주인공,안 돼…!,Child_E,,1,,,
362,Day2_Animal_Choice3,1,마녀,어머\ 좋은 생각이구나.,Witch_Idle,,1,,,
363,Day2_Animal_Choice3,,,분위기를 푼 뒤 본론을 내세우는 건 좋은 방법이지.,,,1,,,
364,Day2_Animal_Choice3,2,주인공,그쵸\ 그쵸? 재밌는 농담을 듣고 나면 기분이 좋아질 테니까요!,Child_A,,1,,,
365,Day2_Animal_Choice3,,,그럼 분명 데이트도 허락해줄 거예요!,Child_D,,1,,,
366,Day2_Animal_Choice3,3,마녀,후후\ 그래. 그리 답장하자꾸나.,Witch_Idle,,1,,,
367,Day2_Future_Choice1,1,주인공,주변을 깨끗하게 만드는 물약이 좋겠죠…?,Child_B,,1,,,
368,Day2_Future_Choice1,2,마녀,후후\ 그래. 저 자가 원한 것은 그 물약이란다.,Witch_Idle,,1,,,
369,Day2_Future_Choice1,,,역시\ 우리 숙녀님은 영특하구나.,,,1,,,
370,Day2_Future_Choice2,1,마녀,피로 회복 물약이라….,Witch_Idle,,1,,,
371,Day2_Future_Choice2,2,주인공,피로를 회복하고 나면\ 집을 청소할 수 있지 않을까요?,Child_B,,1,,,
372,Day2_Future_Choice2,3,마녀,겸사겸사 병도 회복하고 말이지?,Witch_Idle,,1,,,
373,Day2_Future_Choice2,4,주인공,네! 아니\ 그게 아니라….,Child_A,,1,,,
374,Day2_Future_Choice2,5,마녀,그래… 우리 숙녀님의 고집을 누가 말릴 수 있겠니.,Witch_Idle,,1,,,
375,Day2_Future_Choice2,,,허나 피로 회복 물약에 그런 효과가 있을지는 모르겠구나.,,,1,,,
376,Day2_Future_Choice2,6,주인공,혹시 모르는 일이잖아요!,Child_B,,1,,,
377,Day2_Future_Choice2,7,마녀,그래\ 그렇지…. 네 말대로 하자꾸나.,Witch_Idle,,1,,,
378,Day2_Future_Choice3,1,마녀,체력 강화 물약이라….,Witch_Idle,,1,,,
379,Day2_Future_Choice3,2,주인공,그러니까\ 음\ 몸이 강해지면 집을 청소할 힘도 생길 거예요!,Child_B,,1,,,
380,Day2_Future_Choice3,,,조금은 건강해질 수도 있을 거고…!,,,1,,,
381,Day2_Future_Choice3,3,마녀,그래\ 저 자의 소원과 네 소원을 동시에 이루겠구나.,Witch_Idle,,1,,,
382,Day2_Future_Choice3,4,주인공,맞아요!,Child_D,,1,,,
383,Day2_Future_Choice3,5,마녀,그래… 그리하자꾸나. 허나 네가 기대한 대로 될지는 모르겠구나.,Witch_Idle,,1,,,
384,Day2_Future_Choice3,6,주인공,네? 어째서요?,Child_B,,1,,,
385,Day2_Future_Choice3,7,마녀,글쎄… 물약이 만능은 아니잖니.,Witch_Idle,,1,,,
386,Day2_Future_Choice3,8,주인공,그래도요. 혹시 모르잖아요!,Child_D,,1,,,
387,Day2_Future_Choice3,9,마녀,후후\ 그래…. 우리 숙녀님의 고집을 누가 말릴 수 있겠니.,Witch_Idle,,1,,,
388,Day2_Future_Choice3,,,네 말대로 하자꾸나.,,,1,,,
389,Day2_Lunch,1,주인공,오늘도 정말 많은 편지가 있었네요….,Child_B,,1,,,
390,Day2_Lunch,2,마녀,후후\ 그렇지. 이제 물약도 만들어야 하지 않겠니?,Witch_Idle,,1,,,
391,Day2_Lunch,3,주인공,앗… 좋아요. 얼른 다 끝내버려요!,Child_D,,1,,,
392,Day2_Sleep,1,주인공,흐아암….,Child_A,,1,,,
393,Day2_Sleep,2,마녀,벌써 잘 시간이구나.,Witch_Idle,,1,,,
394,Day2_Sleep,3,주인공,으음… 맞아요. 잘 시간이에요.,Child_A,,1,,,
395,Day2_Sleep,,,오늘은 일찍 주무실 거죠? 요즘 계속 늦게 주무시잖아요.,,,1,,,
396,Day2_Sleep,4,마녀,어머\ 알고 있었구나.,Witch_Idle,,1,,,
397,Day2_Sleep,5,주인공,제가 마녀님에 대해 모르는 게 있을 리가요\ 흐아암….,Child_A,,1,,,
398,Day2_Sleep,,,오늘은 꼭 일찍 주무시기예요. 늦게 자면 키가 안 큰다고요.,,,1,,,
399,Day2_Sleep,6,마녀,후후\ 그리하마. 우리 숙녀님 먼저 자고 있으렴.,Witch_Idle,,1,,,
400,Day2_Sleep,7,주인공,네에…. 안녕히 주무세요….,Child_A,,1,,,
401,Day3_WakeUp,1,마녀,일어나렴. 벌써 해가 중천에 떴단다.,Witch_Idle,,1,,ContextUp,
402,Day3_WakeUp,2,주인공,흐아암… 안녕히 주무셨어요….,Child_A,,1,,,
403,Day3_WakeUp,3,마녀,저런\ 많이 피곤했나 보구나.,Witch_Idle,,1,,,
404,Day3_WakeUp,,,오늘은 조금 쉬겠니?,,,1,,,
405,Day3_WakeUp,4,주인공,아뇨\ 괜찮아요! 오늘도 힘내서 편지에 답장할래요!,Child_A,,1,,,
406,Day3_WakeUp,5,마녀,후후\ 그래. 아침은 준비해뒀으니 챙겨 먹으렴.,Witch_Idle,,1,,,
407,Day3_Morning,1,주인공,앗\ 사과 파이잖아? 잘 먹겠습니다!,Child_A,,1,,,
408,Day3_Morning,,,마녀님은 안 드시나요?,,,1,,,
409,Day3_Morning,2,마녀,오늘은 입맛이 없어서 말이야. 이따 점심을 함께 하자꾸나.,Witch_Idle,,1,,,
410,Day3_Morning,3,주인공,네에… 점심은 꼭 같이 먹기예요!,Child_A,,1,,,
411,Day3_Morning,4,마녀,후후\ 그래. 그러마.,Witch_Idle,,1,,,
412,Day3_LetterGet,1,주인공,마녀님\ 같이 편지 읽어요!,Child_A,,1,,,
413,Day3_LetterGet,2,마녀,아침에는 피로가 가득하더니\ 지금은 기운이 넘치나 보구나.,Witch_Idle,,1,,,
414,Day3_LetterGet,3,주인공,사과 파이가 너무 맛있었거든요! 완전\ 완전 쌩쌩해졌어요!,Child_D,,1,,,
415,Day3_LetterGet,4,마녀,다행이구나. 자\ 그럼 함께 편지를 읽자꾸나.,Witch_Idle,,1,,,
416,Day3_Oriental,1,암행어사,안녕하시오\ 내 신분을 밝힐 순 없으나 밀명을 받고 움직이는 자요.,,,1,,Letter,말의 속도가 느려 답답해 하고 있다. 빠르게 이동할 방법은 없을까?
417,Day3_Oriental,,,얼마 전 역마에서 말을 빌렸소만\ 이 말이 거북보다 느리게 움직이더구려.,,,1,,,
418,Day3_Oriental,,,속히 이동할 방법이 없겠소이까?,,,1,,,
419,Day3_Oriental,2,주인공,오늘도 모르는 단어가 많네요….,Child_B,,1,,ContextUp,
420,Day3_Oriental,,,밀명도 그렇고\ 역마도 그렇고….,,,1,,,
421,Day3_Oriental,3,마녀,몇 단어를 모르더라도\ 의뢰를 해결하는 데는 지장이 없단다.,Witch_Idle,,1,,,
422,Day3_Oriental,,,자\ 잘 살펴보렴. 이 자가 원하는 게 무엇인 것 같니?,,,1,,,
423,Day3_Oriental,4,주인공,으음… 말이 거북이보다 느려서 답답해하고 있어요.,Child_B,,1,,,
424,Day3_Oriental,,,속히… 그러니까 빨리 이동하고 싶다는 걸까요?,,,1,,,
425,Day3_Oriental,5,마녀,바로 그거란다. 영특하구나\ 우리 숙녀님.,Witch_Idle,,1,,,
426,Day3_Oriental,6,주인공,히히\ 그럼 물약을 만들면 되겠어요!,Child_D,,1,,,
427,Day3_Oriental,7,마녀,어떤 물약이 좋을 것 같니?,Witch_Idle,,1,Day3_Oriental_Choice,,
428,Day3_Western,1,엘프 마법사,안녕\ 마녀. 난 숲지기 중 하나였던 자. 이제는 용사가 되었어.,,,1,,Letter,고귀한 엘프가 무식하게 돌진하는 인간을 얌전히 만들어달라고 요청하고 있다. 어떻게 할까?
429,Day3_Western,,,인간들과 섞여 지내는 건 마음에 안 들지만\ 숲을 지켰듯 세계를 지키는 것도 내 운명이겠지.,,,1,,,
430,Day3_Western,,,하지만 인간들이 너무 멍청해. 원래 인간들은 다 그래?,,,1,,,
431,Day3_Western,,,무식하게 검을 휘두르며 돌아다니는데\ 정말 꼴불견이야.,,,1,,,
432,Day3_Western,,,인간을 얌전하게 만들어줬으면 좋겠어.,,,1,,,
433,Day3_Western,2,주인공,앗\ 이건 설마… 저번에 편지를 보내주셨던 검사님의 동료일까요?,Child_B,,1,,ContextUp,
434,Day3_Western,3,마녀,그런 것 같구나. 한 시대에 용사는 한 무리뿐이니 말이다.,Witch_Idle,,1,,,
435,Day3_Western,4,주인공,으음… 아무래도 검사님과 동료분은 친해지지 못한 것 같아요.,Child_B,,1,,,
436,Day3_Western,,,마법사님은 검사님을 안 좋아하는 것 같아 보여요.,,,1,,,
437,Day3_Western,5,마녀,엘프의 인간 차별은 유구하니 말이다.,Witch_Idle,,1,,,
438,Day3_Western,,,함께 시간을 보내다 보면\ 언젠가 가까워질 날도 오지 않겠니.,,,1,,,
439,Day3_Western,6,주인공,저와 마녀님처럼요?,Child_A,,1,,,
440,Day3_Western,7,마녀,후후\ 그래. 우리처럼 될 수도 있겠지.,Witch_Idle,,1,,,
441,Day3_Western,,,허나 지금은 의뢰에 집중하자꾸나.,,,1,,,
442,Day3_Western,8,주인공,인간을 얌전하게 만드는 방법이라니…. 그런 게 있나요?,Child_B,,1,,,
443,Day3_Western,9,마녀,글쎄… 그런 게 존재했다면 네가 친 사고도 줄어들지 않았을까.,Witch_Idle,,1,,,
444,Day3_Western,10,주인공,저는 사고 친 적이 없는걸요!,Child_A,,1,,,
445,Day3_Western,11,마녀,정말 그렇게 생각하니?,Witch_Idle,,1,,,
446,Day3_Western,12,주인공,…저희 의뢰에 집중하죠!,Child_A,,1,,,
447,Day3_Western,,,물약으로는 안 될 것 같은데… 조언을 해드리는 게 나을까요?,,,1,,,
448,Day3_Western,13,마녀,그게 좋겠구나. 어떤 조언을 해야 할 것 같니?,Witch_Idle,,1,Day3_Western_Choice,,
449,Day3_Animal,1,늙은 곰,거\ 마녀님은 부모님이 그리운 적 있나? 나는 나이를 먹어서인지 부모님이 그렇게 그립더군.,,,1,,Letter,곰은 부모님과의 추억을 떠올리며 연어를 찾고 있다. 적절한 음식을 만들어 주자.
450,Day3_Animal,,,꼬마 시절 부모님과 함께 만든 연어 파이도 그립고…. 그래\ 연어가 먹고 싶다.,,,1,,,
451,Day3_Animal,,,부모님이 돌아가신 지 얼마 안 됐을 때\ 마을에서 육류 섭취를 금지해버렸거든.,,,1,,,
452,Day3_Animal,,,인공육류만 먹으라는데\ 거기엔 연어가 없어. 연어가 없다고.,,,1,,,
453,Day3_Animal,,,연어가 들어간 음식을 좀 만들어줄 수 있겠나?,,,1,,,
454,Day3_Animal,2,주인공,부모님이 그립다는 건 어떤 기분일까요?,Child_B,,1,,ContextUp,
455,Day3_Animal,3,마녀,잘 모르겠구나. 나 역시 부모가 있던 적이 없거든.,Witch_Idle,,1,,,
456,Day3_Animal,4,주인공,앗\ 마녀님도요? 외롭진 않으셨나요?,Child_A,,1,,,
457,Day3_Animal,5,마녀,나는 마녀잖니. 부모가 없어도 외롭지 않았단다.,Witch_Idle,,1,,,
458,Day3_Animal,,,이제는 네가 있으니 더욱 외롭지 않지.,,,1,,,
459,Day3_Animal,6,주인공,저도요! 마녀님과 함께니까 외롭지 않아요!,Child_D,,1,,,
460,Day3_Animal,,,하지만 마녀님이 없으면 분명 외로워질 거예요.,Child_A,,1,,,
461,Day3_Animal,,,그러니까 항상 같이 지내요! 오래오래 행복하게요!,,,1,,,
462,Day3_Animal,7,마녀,후후… 너무나도 기쁘지만\ 자립심을 기를 필요는 있어 보이는구나.,Witch_Idle,,1,,,
463,Day3_Animal,8,주인공,칫\ 너무해요!,Child_A,,1,,,
464,Day3_Animal,9,마녀,후후. 자\ 이제 의뢰에 집중하자꾸나.,Witch_Idle,,1,,,
465,Day3_Animal,,,연어가 들어간 음식 중 곰이 좋아할 법한 음식을 고르면 된단다.,,,1,Day3_Animal_Choice,,
466,Day3_Future,1,신체 개조 연구원,아\ 안녕하세요…. 저는 며칠 전 A 연구소에 발령받은 신임 연구원입니다….,,,1,,Letter,신임 연구원이 신체 개조를 하던 중 실수할지도 모른다며 두려움에 떨고 있다. 어떤 말을 해줘야 할까?
467,Day3_Future,,,신체 개조를 공부하긴 했지만\ 실습한 적은 별로 없어서 서툴기도 하지요….,,,1,,,
468,Day3_Future,,,A 연구소는 진상이 없기로 유명하긴 하지만\ 그건 선배님들이 대단해서 그런 거예요….,,,1,,,
469,Day3_Future,,,제가\ 제가 실수하면 어쩌죠…? 신체 개조를 잘못해서 처벌받을지도 몰라요…!,,,1,,,
470,Day3_Future,,,어\ 어떻게 해야 실수를 안 할 수 있을까요…? 제가 잘할 수 있을까요…?,,,1,,,
471,Day3_Future,2,주인공,이분은 많이 긴장하신 것 같아요…!,Child_B,,1,,ContextUp,
472,Day3_Future,,,어떤 말을 해야 용기를 드릴 수 있을까요?,,,1,,,
473,Day3_Future,3,마녀,글쎄… 우리 숙녀님이 긴장했을 때를 떠올려 보렴.,Witch_Idle,,1,,,
474,Day3_Future,,,어떻게 해야 긴장을 풀고 용기를 낼 수 있을까?,,,1,,,
475,Day3_Dinner,1,주인공,오늘도 되게 많은 일이 있던 것 같아요!,Child_A,,1,,,
476,Day3_Dinner,,,곰 아저씨도 있었고\ 엘프 마법사도 있었고\ 또….,Child_B,,1,,,
477,Day3_Dinner,2,마녀,암행어사와 연구원도 있었지.,Witch_Idle,,1,,,
478,Day3_Dinner,3,주인공,앗\ 맞아요! 무지 어려운 말을 쓰는 사람도 있었어요.,Child_B,,1,,,
479,Day3_Dinner,,,밀\ 밀… 밀명이었던가요?,,,1,,,
480,Day3_Dinner,4,마녀,그래\ 밀명과 역마를 모른다고 했잖니.,Witch_Idle,,1,,,
481,Day3_Dinner,5,주인공,휴우… 다른 세계의 말은 너무 어려운 것 같아요.,Child_B,,1,,,
482,Day3_Dinner,,,아니면 원래 어른들은 그런 말을 쓰는 건가요?,,,1,,,
483,Day3_Dinner,6,마녀,글쎄… 유독 한 세계의 단어가 다른 것 같긴 하구나.,Witch_Idle,,1,,,
484,Day3_Dinner,,,나도 어릴 땐 뜻 모를 단어에 고생했었단다.,,,1,,,
485,Day3_Dinner,7,주인공,정말요? 마녀님에게도 그럴 때가 있었어요?,Child_A,,1,,,
486,Day3_Dinner,8,마녀,후후\ 그랬지. 그때마다 문맥을 따라 뜻을 유추하곤 했단다.,Witch_Idle,,1,,,
487,Day3_Dinner,,,오늘의 너도 그러지 않았니?,,,1,,,
488,Day3_Dinner,9,주인공,으음\ 어떻게든 답장을 보내긴 했지만\ 여전히 뜻은 모르겠어요.,Child_B,,1,,,
489,Day3_Dinner,10,마녀,괜찮단다. 점차 익숙해질 거야.,Witch_Idle,,1,,,
490,Day3_Dinner,11,주인공,그러면 좋겠지만요…. 하암….,Child_B,,1,,,
491,Day3_Dinner,12,마녀,이런\ 피곤해 보이는구나. 자러 가지 않겠니?,Witch_Idle,,1,,,
492,Day3_Dinner,13,주인공,갑자기 졸려지네요.... 안녕히 주무세요\ 마녀님…!,Child_A,,1,,,
493,Day3_Dinner,14,마녀,잘 자렴\ 우리 숙녀님.,Witch_Idle,,1,,,
494,Day3_Oriental_Choice1,1,마녀,피로 회복 물약이 있으면 빠르게 이동할 수 있을 것 같니?,Witch_Idle,,1,,,
495,Day3_Oriental_Choice1,2,주인공,말이 느려진 건 힘들어서 그런 게 아닐까요? 오랫동안 달리면 힘드니까요!,Child_B,,1,,,
496,Day3_Oriental_Choice1,,,그러니 피로를 회복하고 나면 빨리 달릴 수 있을 거예요!,Child_D,,1,,,
497,Day3_Oriental_Choice1,3,마녀,흐음\ 그래. 그리하자꾸나.,Witch_Idle,,1,,,
498,Day3_Oriental_Choice2,1,마녀,민첩 물약이라…. 좋은 생각이구나.,Witch_Idle,,1,,,
499,Day3_Oriental_Choice2,2,주인공,그렇죠? 민첩해지면 더 빨리 움직일 수 있을 테니까요!,Child_D,,1,,,
500,Day3_Oriental_Choice2,3,마녀,후후\ 그래. 민첩 물약을 만들자꾸나.,Witch_Idle,,1,,,
501,Day3_Oriental_Choice3,1,마녀,강화 물약이 있으면 빠르게 이동하는 데 도움이 될 것 같니?,Witch_Idle,,1,,,
502,Day3_Oriental_Choice3,2,주인공,책에서 본 건데\ 몸이 튼튼해지면 더 빨리 움직일 수 있게 된대요!,Child_B,,1,,,
503,Day3_Oriental_Choice3,,,반대로 몸이 약하면 빨리 움직이기가 힘들고요!,,,1,,,
504,Day3_Oriental_Choice3,3,마녀,흐음… 근육이 발달하면 운동에 도움이 되긴 하다만….,Witch_Idle,,1,,,
505,Day3_Oriental_Choice3,,,그래\ 네 생각대로 강화 물약을 보내주자꾸나.,,,1,,,
506,Day3_Western_Choice1,1,주인공,그 검사님에게 적응하는 게 낫지 않을까요?,Child_B,,1,,,
507,Day3_Western_Choice1,,,사람은 쉽게 변하지 않잖아요!,,,1,,,
508,Day3_Western_Choice1,2,마녀,그렇긴 하다만… 엘프가 그 말을 곱게 들을지 의문이구나.,Witch_Idle,,1,,,
509,Day3_Western_Choice1,3,주인공,하지만 엘프는 자연을 좋아하니까 자연스러운 걸 좋아하지 않을까요?,Child_B,,1,,,
510,Day3_Western_Choice1,,,그러니까 동료도 자연스럽게 두고 적응하는 게 더 좋을 거예요!,Child_D,,1,,,
511,Day3_Western_Choice1,4,마녀,자연의 변덕도 사랑하는 종족이니\ 그럴 가능성도 없진 않겠구나.,Witch_Idle,,1,,,
512,Day3_Western_Choice1,,,그래\ 그렇게 답장하자꾸나. …단어는 조금 바꿔야 할 듯하지만 말이다.,,,1,,,
513,Day3_Western_Choice2,1,마녀,함께 검을 휘두른다고?,Witch_Idle,,1,,,
514,Day3_Western_Choice2,2,주인공,네! 같이 검을 휘두르다 보면\ 왜 검을 휘두르는지 알게 되지 않을까요?,Child_D,,1,,,
515,Day3_Western_Choice2,3,마녀,네 말은\ 그 동료를 이해해야 한다는 뜻이구나.,Witch_Idle,,1,,,
516,Day3_Western_Choice2,4,주인공,네\ 맞아요! 게다가 검사님이면 검을 휘두르는 게 당연하니까요.,Child_D,,1,,,
517,Day3_Western_Choice2,5,마녀,흐음… 그래\ 그리 답장하자꾸나.,Witch_Idle,,1,,,
518,Day3_Western_Choice3,1,마녀,인간에 대해 공부하란 뜻이구나.,Witch_Idle,,1,,,
519,Day3_Western_Choice3,2,주인공,네\ 맞아요! 인간에 대해 잘 몰라서 싫어하는 걸 수도 있잖아요.,Child_B,,1,,,
520,Day3_Western_Choice3,,,인간에 대해 더 알게 되면\ 검사님을 이해하고 더 친해질 수 있지 않을까요?,,,1,,,
521,Day3_Western_Choice3,3,마녀,타당한 말이구나. 그리 답장해 보자꾸나.,Witch_Idle,,1,,,
522,Day3_Animal_Choice1,1,주인공,부모님과 함께 만든 연어 파이가 좋을 것 같아요!,Child_A,,1,,,
523,Day3_Animal_Choice1,,,연어보단 부모님을 그리워하시는 거니까요!,,,1,,,
524,Day3_Animal_Choice1,2,마녀,후후\ 그렇지. 영특하구나\ 우리 숙녀님.,Witch_Idle,,1,,,
525,Day3_Animal_Choice1,3,주인공,그쵸? 다 마녀님께 배워서 그래요!,Child_A,,1,,,
526,Day3_Animal_Choice1,4,마녀,후후… 말도 예쁘게 하니\ 안 예뻐할 수가 없어.,Witch_Idle,,1,,,
527,Day3_Animal_Choice1,,,함께 맛있는 연어 파이를 만들자꾸나.,,,1,,,
528,Day3_Animal_Choice1,5,주인공,네\ 좋아요!,Child_A,,1,,,
529,Day3_Animal_Choice2,1,마녀,연어 샐러드라….,Witch_Idle,,1,,,
530,Day3_Animal_Choice2,2,주인공,나이가 좀 있으신 것 같으니까\ 더 건강한 음식을 먹어야 하지 않을까요?,Child_B,,1,,,
531,Day3_Animal_Choice2,3,마녀,네 말도 옳구나. 그리하자꾸나.,Witch_Idle,,1,,,
532,Day3_Animal_Choice3,1,주인공,역시 연어 스테이크가 좋겠어요!,Child_A,,1,,,
533,Day3_Animal_Choice3,,,곰이니까 완전히 고기 같은 느낌을 좋아하지 않을까요?,,,1,,,
534,Day3_Animal_Choice3,2,마녀,흐음\ 그렇지. 스테이크를 맛있게 구워 보자꾸나.,Witch_Idle,,1,,,
535,Day3_Future_Choice1,1,주인공,역시 더 많이 연습해야 하지 않을까요?,Child_B,,1,,,
536,Day3_Future_Choice1,,,연습을 많이 하면 긴장도 풀리더라고요.,,,1,,,
537,Day3_Future_Choice1,2,마녀,후후\ 그렇지. 좋은 생각이란다.,Witch_Idle,,1,,,
538,Day3_Future_Choice2,1,주인공,실수해도 괜찮다고 말해주고 싶어요.,Child_A,,1,,,
539,Day3_Future_Choice2,,,예전에 마녀님이 저한테 말씀해주신 것처럼요!,,,1,,,
540,Day3_Future_Choice2,2,마녀,어머\ 그걸 기억하고 있었니?,Witch_Idle,,1,,,
541,Day3_Future_Choice2,3,주인공,당연하죠! 마녀님이 해주신 말씀은 전부 기억하고 있어요!,Child_D,,1,,,
542,Day3_Future_Choice2,,,청소하다가 꽃병을 깨버렸을 땐 정말 무서웠는데\ 마녀님이 위로해주셔서 얼마나 안심했다고요.,,,1,,,
543,Day3_Future_Choice2,4,마녀,안심한 너는 그 뒤로도 꽃병을 수없이 깨트렸었지.,Witch_Idle,,1,,,
544,Day3_Future_Choice2,5,주인공,그런 건 잊어버려도 될 것 같아요!,Child_B,,1,,,
545,Day3_Future_Choice3,1,주인공,선배들에게 조언을 구하는 건 어떨까요? 분명 선배들도 서툰 시절이 있었을 테니까요.,Child_B,,1,,,
546,Day3_Future_Choice3,2,마녀,어머\ 좋은 생각이구나.,Witch_Idle,,1,,,
547,Day3_Future_Choice3,3,주인공,저도 마녀님에게 이것저것 물어보고\ 이만큼이나 성장할 수 있었잖아요!,Child_D,,1,,,
548,Day3_Future_Choice3,4,마녀,후후\ 그렇지. 걸음도 잘 못 떼던 네가 이젠 내 일을 돕고 있구나.,Witch_Idle,,1,,,
549,Day3_Future_Choice3,,,언제 이렇게 컸을까\ 우리 숙녀님은….,,,1,,,
550,Day3_Future_Choice3,5,주인공,엣헴\ 저도 이젠 어른이라고요! 그러니까 마녀님도 제게 기대셔도 돼요!,Child_D,,1,,,
551,Day3_Future_Choice3,6,마녀,아직 어른이라기엔 작지 않니. 조금 더 크려무나.,Witch_Idle,,1,,,
552,Day3_Future_Choice3,7,주인공,충분히 다 컸다고요! 너무해요\ 마녀님!,Child_A,,1,,,
